A;POLJOPRIVREDA, ŠUMARSTVO I RIBARSTVO
01;Biljna i stočarska proizvodnja, lovstvo i uslužne djelatnosti povezane s njima
11;Uzgoj jednogodišnjih usjeva
111;Uzgoj žitarica, osim riže, uzgoj mahunarki i uljanog sjemenja
1110;Uzgoj žitarica, osim riže, uzgoj mahunarki i uljanog sjemenja
112;Uzgoj riže
1120;Uzgoj riže
113;Uzgoj povrća, dinja i lubenica, korjenastog i gomoljastog povrća
1130;Uzgoj povrća, dinja i lubenica, korjenastog i gomoljastog povrća
114;Uzgoj šećerne trske
1140;Uzgoj šećerne trske
115;Uzgoj duhana
1150;Uzgoj duhana
116;Uzgoj predivog bilja
1160;Uzgoj predivog bilja
119;Uzgoj ostalih jednogodišnjih usjeva
1190;Uzgoj ostalih jednogodišnjih usjeva
12;Uzgoj višegodišnjih usjeva
121;Uzgoj grožđa
1210;Uzgoj grožđa
122;Uzgoj tropskog i suptropskog voća
1220;Uzgoj tropskog i suptropskog voća
123;Uzgoj agruma
1230;Uzgoj agruma
124;Uzgoj jezgričavog i koštuničavog voća 
1240;Uzgoj jezgričavog i koštuničavog voća 
125;Uzgoj bobičastog, orašastog i ostalog voća
1250;Uzgoj bobičastog, orašastog i ostalog voća
126;Uzgoj uljanih plodova
1260;Uzgoj uljanih plodova
127;Uzgoj usjeva za pripremanje napitaka
1270;Uzgoj usjeva za pripremanje napitaka
128;Uzgoj začinskog, aromatskog, ljekovitog bilja i bilja za uporabu u farmaciji
1280;Uzgoj začinskog, aromatskog, ljekovitog bilja i bilja za uporabu u farmaciji
129;Uzgoj ostalih višegodišnjih usjeva
1290;Uzgoj ostalih višegodišnjih usjeva
13;Uzgoj sadnog materijala i ukrasnog bilja
130;Uzgoj sadnog materijala i ukrasnog bilja
1300;Uzgoj sadnog materijala i ukrasnog bilja
14;Uzgoj životinja
141;Uzgoj mliječnih goveda
1410;Uzgoj mliječnih goveda
142;Uzgoj ostalih goveda i bivola
1420;Uzgoj ostalih goveda i bivola
143;Uzgoj konja i drugih kopitara
1430;Uzgoj konja i drugih kopitara
144;Uzgoj deva i ljama
1440;Uzgoj deva i ljama
145;Uzgoj ovaca i koza
1451;Uzgoj mliječnih ovaca i koza
1459;Uzgoj ostalih ovaca i koza
146;Uzgoj svinja
1460;Uzgoj svinja
147;Uzgoj peradi
1471;Uzgoj nesilica
1472;Uzgoj brojlera
1479;Uzgoj ostale peradi
148;Uzgoj ostalih životinja
1481;Uzgoj pčela
1489;Uzgoj ostalih životinja, d. n.
15;Mješovita poljoprivreda
150;Mješovita poljoprivreda
1500;Mješovita poljoprivreda
16;Pomoćne djelatnosti u poljoprivredi i djelatnosti koje se obavljaju nakon žetve usjeva
161;Pomoćne djelatnosti za uzgoj usjeva
1610;Pomoćne djelatnosti za uzgoj usjeva
162;Pomoćne djelatnosti za uzgoj životinja
1620;Pomoćne djelatnosti za uzgoj životinja
163;Djelatnosti koje se obavljaju nakon žetve usjeva i dorada sjemena za sjemenski materijal
1630;Djelatnosti koje se obavljaju nakon žetve usjeva i dorada sjemena za sjemenski materijal
17;Lov, stupičarenje i uslužne djelatnosti povezane s njima
170;Lov, stupičarenje i uslužne djelatnosti povezane s njima
1700;Lov, stupičarenje i uslužne djelatnosti povezane s njima
02;Šumarstvo i sječa drva
21;Uzgoj šuma i ostale djelatnosti u šumarstvu povezane s njime
210;Uzgoj šuma i ostale djelatnosti u šumarstvu povezane s njime
2100;Uzgoj šuma i ostale djelatnosti u šumarstvu povezane s njime
22;Sječa drva
220;Sječa drva
2200;Sječa drva
23;Skupljanje samoniklih plodova i proizvoda, osim drva
230;Skupljanje samoniklih plodova i proizvoda, osim drva
2300;Skupljanje samoniklih plodova i proizvoda, osim drva
24;Pomoćne usluge u šumarstvu
240;Pomoćne usluge u šumarstvu
2400;Pomoćne usluge u šumarstvu
03;Ribolov i akvakultura
31;Ribolov
311;Morski ribolov
3110;Morski ribolov
312;Slatkovodni ribolov
3120;Slatkovodni ribolov
32;Akvakultura
321;Morska akvakultura
3210;Morska akvakultura
322;Slatkovodna akvakultura
3220;Slatkovodna akvakultura
33;Pomoćne djelatnosti u ribolovu i akvakulturi 
330;Pomoćne djelatnosti u ribolovu i akvakulturi 
3300;Pomoćne djelatnosti u ribolovu i akvakulturi 
B;RUDARSTVO I VAĐENJE
05;Vađenje ugljena i lignita
51;Vađenje kamenog ugljena
510;Vađenje kamenog ugljena
5100;Vađenje kamenog ugljena
52;Vađenje lignita 
520;Vađenje lignita 
5200;Vađenje lignita 
06;Vađenje sirove nafte i prirodnog plina
61;Vađenje sirove nafte
610;Vađenje sirove nafte
6100;Vađenje sirove nafte
62;Vađenje prirodnog plina
620;Vađenje prirodnog plina
6200;Vađenje prirodnog plina
07;Vađenje metalnih ruda
71;Vađenje željeznih ruda
710;Vađenje željeznih ruda
7100;Vađenje željeznih ruda
72;Vađenje ruda obojenih metala
721;Vađenje uranovih i torijevih ruda
7210;Vađenje uranovih i torijevih ruda
729;Vađenje ostalih ruda obojenih metala
7290;Vađenje ostalih ruda obojenih metala
08;Ostalo rudarstvo i vađenje
81;Vađenje kamena, pijeska i gline
811;Vađenje ukrasnoga kamena, vapnenca, gipsa, škriljevca i drugoga kamena
8110;Vađenje ukrasnoga kamena, vapnenca, gipsa, škriljevca i drugoga kamena
812;Djelatnosti šljunčara i pješčara te vađenje gline i kaolina
8120;Djelatnosti šljunčara i pješčara te vađenje gline i kaolina
89;Rudarstvo i vađenje, d. n.
891;Vađenje minerala za kemikalije i gnojiva
8910;Vađenje minerala za kemikalije i gnojiva
892;Vađenje treseta
8920;Vađenje treseta
893;Vađenje soli
8930;Vađenje soli
899;Ostalo rudarstvo i vađenje, d. n.
8990;Ostalo rudarstvo i vađenje, d. n.
09;Pomoćne uslužne djelatnosti u rudarstvu
91;Pomoćne djelatnosti za vađenje nafte i prirodnog plina
910;Pomoćne djelatnosti za vađenje nafte i prirodnog plina
9100;Pomoćne djelatnosti za vađenje nafte i prirodnog plina
99;Pomoćne djelatnosti za ostalo rudarstvo i vađenje
990;Pomoćne djelatnosti za ostalo rudarstvo i vađenje
9900;Pomoćne djelatnosti za ostalo rudarstvo i vađenje
C;PRERAĐIVAČKA INDUSTRIJA
10;Proizvodnja prehrambenih proizvoda
101;Prerada i konzerviranje mesa i proizvodnja mesnih proizvoda
1011;Prerada i konzerviranje mesa, osim mesa peradi
10110;Prerada i konzerviranje mesa, osim mesa peradi
1012;Prerada i konzerviranje mesa peradi
10120;Prerada i konzerviranje mesa peradi
1013;Proizvodnja proizvoda od mesa i mesa peradi
10130;Proizvodnja proizvoda od mesa i mesa peradi
102;Prerada i konzerviranje riba, rakova i mekušaca
1020;Prerada i konzerviranje riba, rakova i mekušaca
10200;Prerada i konzerviranje riba, rakova i mekušaca
103;Prerada i konzerviranje voća i povrća
1031;Prerada i konzerviranje krumpira
10310;Prerada i konzerviranje krumpira
1032;Proizvodnja sokova od voća i povrća
10320;Proizvodnja sokova od voća i povrća
1039;Ostala prerada i konzerviranje voća i povrća
10390;Ostala prerada i konzerviranje voća i povrća
104;Proizvodnja biljnih i životinjskih ulja i masti
1041;Proizvodnja ulja i masti
10410;Proizvodnja ulja i masti
1042;Proizvodnja margarina i sličnih jestivih masti
10420;Proizvodnja margarina i sličnih jestivih masti
105;Proizvodnja mliječnih proizvoda i jestivih ledenih proizvoda
1051;Proizvodnja mliječnih proizvoda
10510;Proizvodnja mliječnih proizvoda
1052;Proizvodnja sladoleda i ostalih jestivih ledenih proizvoda 
10520;Proizvodnja sladoleda i ostalih jestivih ledenih proizvoda 
106;Proizvodnja mlinskih proizvoda, škroba i škrobnih proizvoda
1061;Proizvodnja mlinskih proizvoda
10610;Proizvodnja mlinskih proizvoda
1062;Proizvodnja škroba i škrobnih proizvoda
10620;Proizvodnja škroba i škrobnih proizvoda
107;Proizvodnja pekarskih proizvoda i tjestenine
1071;"Proizvodnja kruha; proizvodnja svježih peciva i sličnih proizvoda te kolača"
10710;"Proizvodnja kruha; proizvodnja svježih peciva i sličnih proizvoda te kolača"
1072;Proizvodnja dvopeka, keksa, trajnih peciva i kolača
10720;Proizvodnja dvopeka, keksa, trajnih peciva i kolača
1073;Proizvodnja tjestenine
10730;Proizvodnja tjestenine
108;Proizvodnja ostalih prehrambenih proizvoda
1081;Proizvodnja šećera
10810;Proizvodnja šećera
1082;Proizvodnja kakao, čokoladnih proizvoda i proizvoda od šećera
10820;Proizvodnja kakao, čokoladnih proizvoda i proizvoda od šećera
1083;Prerada čaja i kave
10830;Prerada čaja i kave
1084;Proizvodnja začina i drugih dodataka hrani
10840;Proizvodnja začina i drugih dodataka hrani
1085;Proizvodnja gotove hrane i jela
10850;Proizvodnja gotove hrane i jela
1086;Proizvodnja homogeniziranih prehrambenih pripravaka i dijetetske hrane
10860;Proizvodnja homogeniziranih prehrambenih pripravaka i dijetetske hrane
1089;Proizvodnja ostalih prehrambenih proizvoda, d. n.
10890;Proizvodnja ostalih prehrambenih proizvoda, d. n.
109;Proizvodnja pripremljene hrane za životinje
1091;Proizvodnja pripremljene stočne hrane
10910;Proizvodnja pripremljene stočne hrane
1092;Proizvodnja pripremljene hrane za kućne ljubimce
10920;Proizvodnja pripremljene hrane za kućne ljubimce
11;Proizvodnja pića
110;Proizvodnja pića
1101;Destiliranje, pročišćavanje i miješanje alkoholnih pića
11010;Destiliranje, pročišćavanje i miješanje alkoholnih pića
1102;Proizvodnja vina od grožđa
11020;Proizvodnja vina od grožđa
1103;Proizvodnja jabukovače i ostalih fermentiranih voćnih pića
11030;Proizvodnja jabukovače i ostalih fermentiranih voćnih pića
1104;Proizvodnja ostalih nedestiliranih fermentiranih pića
11040;Proizvodnja ostalih nedestiliranih fermentiranih pića
1105;Proizvodnja piva
11050;Proizvodnja piva
1106;Proizvodnja slada
11060;Proizvodnja slada
1107;Proizvodnja osvježavajućih napitaka i flaširane vode
11070;Proizvodnja osvježavajućih napitaka i flaširane vode
12;Proizvodnja duhanskih proizvoda
120;Proizvodnja duhanskih proizvoda
1200;Proizvodnja duhanskih proizvoda
12001;Obrada duhanskih listova
12002;Proizvodnja ostalih duhanskih proizvoda
13;Proizvodnja tekstila
131;Priprema i predenje tekstilnih vlakana
1310;Priprema i predenje tekstilnih vlakana
13100;Priprema i predenje tekstilnih vlakana
132;Tkanje tekstila
1320;Tkanje tekstila
13200;Tkanje tekstila
133;Dovršavanje tekstila
1330;Dovršavanje tekstila
13300;Dovršavanje tekstila
139;Proizvodnja ostalog tekstila
1391;Proizvodnja pletenih i kukičanih tkanina
13910;Proizvodnja pletenih i kukičanih tkanina
1392;Proizvodnja tekstilnih proizvoda za kućanstvo i gotovih proizvoda za pokućstvo
13920;Proizvodnja tekstilnih proizvoda za kućanstvo i gotovih proizvoda za pokućstvo
1393;Proizvodnja tepiha i sagova
13930;Proizvodnja tepiha i sagova
1394;Proizvodnja užadi, konopaca, upletenoga konca i mreža
13940;Proizvodnja užadi, konopaca, upletenoga konca i mreža
1395;Proizvodnja netkanog tekstila i netkanih proizvoda
13950;Proizvodnja netkanog tekstila i netkanih proizvoda
1396;Proizvodnja ostalog tehničkog i industrijskog tekstila
13960;Proizvodnja ostalog tehničkog i industrijskog tekstila
1399;Proizvodnja ostalog tekstila, d. n.
13990;Proizvodnja ostalog tekstila, d. n.
14;Proizvodnja odjeće
141;Proizvodnja pletene i kukičane odjeće
1410;Proizvodnja pletene i kukičane odjeće
14100;Proizvodnja pletene i kukičane odjeće
142;Proizvodnja ostale odjeće i pribora za odjeću
1421;Proizvodnja vanjske odjeće 
14210;Proizvodnja vanjske odjeće 
1422;Proizvodnja rublja
14220;Proizvodnja rublja
1423;Proizvodnja radne odjeće
14230;Proizvodnja radne odjeće
1424;Proizvodnja kožne odjeće i proizvoda od krzna
14240;Proizvodnja kožne odjeće i proizvoda od krzna
1429;Proizvodnja ostale odjeće i pribora za odjeću, d. n.
14290;Proizvodnja ostale odjeće i pribora za odjeću, d. n.
15;Proizvodnja kože i srodnih proizvoda od drugih materijala
151;"Štavljenje, bojenje, obrada kože i krzna; proizvodnja putnih i ručnih torbi, sedlarskih i remenarskih proizvoda"
1511;Štavljenje, obrada, bojenje kože i krzna
15110;Štavljenje, obrada, bojenje kože i krzna
1512;Proizvodnja putnih i ručnih torbi, sedlarskih i remenarskih proizvoda od bilo kojeg materijala
15120;Proizvodnja putnih i ručnih torbi, sedlarskih i remenarskih proizvoda od bilo kojeg materijala
152;Proizvodnja obuće
1520;Proizvodnja obuće
15200;Proizvodnja obuće
16;"Obrada drva i proizvodnja proizvoda od drva i pluta, osim namještaja; proizvodnja proizvoda od slame i pletarskih materijala"
161;"Piljenje i blanjanje drva; obrada i dorada drva"
1611;Piljenje i blanjanje drva
16110;Piljenje i blanjanje drva
1612;Obrada i dorada drva
16120;Obrada i dorada drva
162;Proizvodnja proizvoda od drva, pluta, slame i pletarskih materijala
1621;Proizvodnja furnira i ostalih ploča od drva
16210;Proizvodnja furnira i ostalih ploča od drva
1622;Proizvodnja sastavljenog parketa
16220;Proizvodnja sastavljenog parketa
1623;Proizvodnja ostale građevne stolarije i elemenata
16230;Proizvodnja ostale građevne stolarije i elemenata
1624;Proizvodnja ambalaže od drva
16240;Proizvodnja ambalaže od drva
1625;Proizvodnja vrata i prozora od drva
16250;Proizvodnja vrata i prozora od drva
1626;Proizvodnja krutih goriva iz biljne biomase
16260;Proizvodnja krutih goriva iz biljne biomase
1627;Dorada proizvoda od drva
16270;Dorada proizvoda od drva
1628;Proizvodnja ostalih proizvoda od drva i pluta, slame i pletarskih materijala
16280;Proizvodnja ostalih proizvoda od drva i pluta, slame i pletarskih materijala
17;Proizvodnja papira i proizvoda od papira
171;Proizvodnja celuloze, papira i kartona
1711;Proizvodnja celuloze
17110;Proizvodnja celuloze
1712;Proizvodnja papira i kartona
17120;Proizvodnja papira i kartona
172;Proizvodnja proizvoda od papira i kartona
1721;Proizvodnja valovitog papira, kartona i ambalaže od papira i kartona
17210;Proizvodnja valovitog papira, kartona i ambalaže od papira i kartona
1722;Proizvodnja robe za kućanstvo i higijenu te toaletnih potrepština od papira
17220;Proizvodnja robe za kućanstvo i higijenu te toaletnih potrepština od papira
1723;Proizvodnja uredskog materijala od papira
17230;Proizvodnja uredskog materijala od papira
1724;Proizvodnja zidnih tapeta
17240;Proizvodnja zidnih tapeta
1725;Proizvodnja ostalih proizvoda od papira i kartona
17250;Proizvodnja ostalih proizvoda od papira i kartona
18;Tiskanje i umnožavanje snimljenih zapisa
181;Tiskanje i uslužne djelatnosti povezane s tiskanjem
1811;Tiskanje novina
18110;Tiskanje novina
1812;Ostalo tiskanje
18120;Ostalo tiskanje
1813;Usluge pripreme za tisak i objavljivanje
18130;Usluge pripreme za tisak i objavljivanje
1814;Knjigoveške i srodne usluge
18140;Knjigoveške i srodne usluge
182;Umnožavanje snimljenih zapisa
1820;Umnožavanje snimljenih zapisa
18200;Umnožavanje snimljenih zapisa
19;Proizvodnja koksa i rafiniranih naftnih proizvoda
191;Proizvodnja proizvoda koksnih peći
1910;Proizvodnja proizvoda koksnih peći
19100;Proizvodnja proizvoda koksnih peći
192;Proizvodnja rafiniranih naftnih proizvoda i proizvoda od fosilnih goriva
1920;Proizvodnja rafiniranih naftnih proizvoda i proizvoda od fosilnih goriva
19200;Proizvodnja rafiniranih naftnih proizvoda i proizvoda od fosilnih goriva
20;Proizvodnja kemikalija i kemijskih proizvoda
201;Proizvodnja osnovnih kemikalija, gnojiva i dušičnih spojeva, plastike i sintetičkoga kaučuka u primarnim oblicima
2011;Proizvodnja industrijskih plinova
20110;Proizvodnja industrijskih plinova
2012;Proizvodnja bojila i pigmenata
20120;Proizvodnja bojila i pigmenata
2013;Proizvodnja ostalih anorganskih osnovnih kemikalija
20130;Proizvodnja ostalih anorganskih osnovnih kemikalija
2014;Proizvodnja ostalih organskih osnovnih kemikalija
20140;Proizvodnja ostalih organskih osnovnih kemikalija
2015;Proizvodnja gnojiva i dušičnih spojeva
20150;Proizvodnja gnojiva i dušičnih spojeva
2016;Proizvodnja plastike u primarnim oblicima
20160;Proizvodnja plastike u primarnim oblicima
2017;Proizvodnja sintetičkoga kaučuka u primarnim oblicima
20170;Proizvodnja sintetičkoga kaučuka u primarnim oblicima
202;Proizvodnja pesticida, dezinficijensa i drugih agrokemijskih proizvoda
2020;Proizvodnja pesticida, dezinficijensa i drugih agrokemijskih proizvoda
20200;Proizvodnja pesticida, dezinficijensa i drugih agrokemijskih proizvoda
203;Proizvodnja boja, lakova i sličnih premaza, grafičkih boja i kitova
2030;Proizvodnja boja, lakova i sličnih premaza, grafičkih boja i kitova
20300;Proizvodnja boja, lakova i sličnih premaza, grafičkih boja i kitova
204;Proizvodnja sredstava za pranje, čišćenje i poliranje
2041;Proizvodnja sapuna i deterdženata, sredstava za čišćenje i poliranje
20410;Proizvodnja sapuna i deterdženata, sredstava za čišćenje i poliranje
2042;Proizvodnja parfema i toaletno-kozmetičkih preparata
20420;Proizvodnja parfema i toaletno-kozmetičkih preparata
205;Proizvodnja  ostalih kemijskih proizvoda
2051;Proizvodnja tekućih biogoriva
20510;Proizvodnja tekućih biogoriva
2059;Proizvodnja ostalih kemijskih proizvoda, d. n.
20591;Proizvodnja eksploziva
20592;Proizvodnja ljepila
20593;Proizvodnja eteričnih ulja
20599;Proizvodnja ostalih kemijskih proizvoda
206;Proizvodnja umjetnih vlakana
2060;Proizvodnja umjetnih vlakana
20600;Proizvodnja umjetnih vlakana
21;Proizvodnja osnovnih farmaceutskih proizvoda i farmaceutskih pripravaka
211;Proizvodnja osnovnih farmaceutskih proizvoda
2110;Proizvodnja osnovnih farmaceutskih proizvoda
21100;Proizvodnja osnovnih farmaceutskih proizvoda
212;Proizvodnja farmaceutskih pripravaka
2120;Proizvodnja farmaceutskih pripravaka
21200;Proizvodnja farmaceutskih pripravaka
22;Proizvodnja proizvoda od gume i plastike
221;Proizvodnja proizvoda od gume
2211;Proizvodnja, protektiranje i obnova vanjskih i unutrašnjih guma za vozila te proizvodnja zračnica
22110;Proizvodnja, protektiranje i obnova vanjskih i unutrašnjih guma za vozila te proizvodnja zračnica
2212;Proizvodnja ostalih proizvoda od gume
22120;Proizvodnja ostalih proizvoda od gume
222;Proizvodnja proizvoda od plastike
2221;Proizvodnja ploča, listova, cijevi i profila od plastike
22210;Proizvodnja ploča, listova, cijevi i profila od plastike
2222;Proizvodnja ambalaže od plastike
22220;Proizvodnja ambalaže od plastike
2223;Proizvodnja vrata i prozora od plastike
22230;Proizvodnja vrata i prozora od plastike
2224;Proizvodnja proizvoda od plastike za građevinarstvo
22240;Proizvodnja proizvoda od plastike za građevinarstvo
2225;Obrada i dovršavanje proizvoda od plastike
22250;Obrada i dovršavanje proizvoda od plastike
2226;Proizvodnja ostalih proizvoda od plastike
22260;Proizvodnja ostalih proizvoda od plastike
23;Proizvodnja ostalih nemetalnih mineralnih proizvoda
231;Proizvodnja stakla i proizvoda od stakla
2311;Proizvodnja ravnog stakla
23110;Proizvodnja ravnog stakla
2312;Oblikovanje i obrada ravnog stakla
23120;Oblikovanje i obrada ravnog stakla
2313;Proizvodnja šupljeg stakla
23130;Proizvodnja šupljeg stakla
2314;Proizvodnja staklenih vlakana
23140;Proizvodnja staklenih vlakana
2315;Proizvodnja i obrada ostalog stakla uključujući tehničku robu od stakla
23150;Proizvodnja i obrada ostalog stakla uključujući tehničku robu od stakla
232;Proizvodnja vatrostalnih proizvoda
2320;Proizvodnja vatrostalnih proizvoda
23200;Proizvodnja vatrostalnih proizvoda
233;Proizvodnja proizvoda od gline za građevinarstvo
2331;Proizvodnja keramičkih pločica i ploča
23310;Proizvodnja keramičkih pločica i ploča
2332;Proizvodnja opeke, crijepa i ostalih proizvoda od pečene gline za građevinarstvo
23320;Proizvodnja opeke, crijepa i ostalih proizvoda od pečene gline za građevinarstvo
234;Proizvodnja ostalih proizvoda od porculana i keramike
2341;Proizvodnja keramičkih proizvoda za kućanstvo i ukrasnih predmeta
23410;Proizvodnja keramičkih proizvoda za kućanstvo i ukrasnih predmeta
2342;Proizvodnja sanitarne keramike
23420;Proizvodnja sanitarne keramike
2343;Proizvodnja keramičkih izolatora i izolacijskog pribora
23430;Proizvodnja keramičkih izolatora i izolacijskog pribora
2344;Proizvodnja ostalih tehničkih proizvoda od keramike
23440;Proizvodnja ostalih tehničkih proizvoda od keramike
2345;Proizvodnja ostalih proizvoda od keramike
23450;Proizvodnja ostalih proizvoda od keramike
235;Proizvodnja cementa, vapna i gipsa
2351;Proizvodnja cementa
23510;Proizvodnja cementa
2352;Proizvodnja vapna i gipsa
23520;Proizvodnja vapna i gipsa
236;Proizvodnja proizvoda od betona, cementa i gipsa
2361;Proizvodnja proizvoda od betona za građevinarstvo
23610;Proizvodnja proizvoda od betona za građevinarstvo
2362;Proizvodnja proizvoda od gipsa za građevinarstvo
23620;Proizvodnja proizvoda od gipsa za građevinarstvo
2363;Proizvodnja gotove betonske smjese
23630;Proizvodnja gotove betonske smjese
2364;Proizvodnja žbuke
23640;Proizvodnja žbuke
2365;Proizvodnja fibrocementa
23650;Proizvodnja fibrocementa
2366;Proizvodnja ostalih proizvoda od betona, cementa i gipsa
23660;Proizvodnja ostalih proizvoda od betona, cementa i gipsa
237;Rezanje, oblikovanje i obrada kamena
2370;Rezanje, oblikovanje i obrada kamena
23700;Rezanje, oblikovanje i obrada kamena
239;Proizvodnja brusnih i nemetalnih mineralnih proizvoda, d. n.
2391;Proizvodnja brusnih proizvoda
23910;Proizvodnja brusnih proizvoda
2399;Proizvodnja ostalih nemetalnih mineralnih proizvoda, d. n.
23990;Proizvodnja ostalih nemetalnih mineralnih proizvoda, d. n.
24;Proizvodnja metala
241;Proizvodnja sirovog željeza, čelika i ferolegura
2410;Proizvodnja sirovog željeza, čelika i ferolegura
24100;Proizvodnja sirovog željeza, čelika i ferolegura
242;Proizvodnja čeličnih cijevi, šupljih profila i pripadajućeg pribora
2420;Proizvodnja čeličnih cijevi, šupljih profila i pripadajućeg pribora
24200;Proizvodnja čeličnih cijevi, šupljih profila i pripadajućeg pribora
243;Proizvodnja ostalih proizvoda primarne prerade čelika
2431;Hladno vučenje šipki
24310;Hladno vučenje šipki
2432;Hladno valjanje uskih vrpci
24320;Hladno valjanje uskih vrpci
2433;Hladno oblikovanje i profiliranje
24330;Hladno oblikovanje i profiliranje
2434;Hladno vučenje žica
24340;Hladno vučenje žica
244;Proizvodnja plemenitih i ostalih obojenih metala
2441;Proizvodnja plemenitih metala
24410;Proizvodnja plemenitih metala
2442;Proizvodnja aluminija
24420;Proizvodnja aluminija
2443;Proizvodnja olova, cinka i kositra
24430;Proizvodnja olova, cinka i kositra
2444;Proizvodnja bakra
24440;Proizvodnja bakra
2445;Proizvodnja ostalih obojenih metala
24450;Proizvodnja ostalih obojenih metala
2446;Obrada nuklearnoga goriva
24460;Obrada nuklearnoga goriva
245;Lijevanje metala
2451;Lijevanje željeza
24510;Lijevanje željeza
2452;Lijevanje čelika
24520;Lijevanje čelika
2453;Lijevanje lakih metala
24530;Lijevanje lakih metala
2454;Lijevanje ostalih obojenih metala
24540;Lijevanje ostalih obojenih metala
25;Proizvodnja gotovih metalnih proizvoda, osim strojeva i opreme
251;Proizvodnja metalnih konstrukcija
2511;Proizvodnja metalnih konstrukcija i njihovih dijelova
25110;Proizvodnja metalnih konstrukcija i njihovih dijelova
2512;Proizvodnja vrata i prozora od metala
25120;Proizvodnja vrata i prozora od metala
252;Proizvodnja cisterni, rezervoara i sličnih posuda od metala
2521;Proizvodnja radijatora, parnih kotlova i kotlova za centralno grijanje
25210;Proizvodnja radijatora, parnih kotlova i kotlova za centralno grijanje
2522;Proizvodnja ostalih cisterni, rezervoara i sličnih posuda od metala
25220;Proizvodnja ostalih cisterni, rezervoara i sličnih posuda od metala
253;Proizvodnja oružja i streljiva 
2530;Proizvodnja oružja i streljiva 
25300;Proizvodnja oružja i streljiva 
254;Kovanje i oblikovanje metala i metalurgija praha
2540;Kovanje i oblikovanje metala i metalurgija praha
25400;Kovanje i oblikovanje metala i metalurgija praha
255;"Obrada i prevlačenje metala; strojna obrada metala"
2551;Prevlačenje metala
25510;Prevlačenje metala
2552;Toplinska obrada metala
25520;Toplinska obrada metala
2553;Strojna obrada metala
25530;Strojna obrada metala
256;Proizvodnja pribora za jelo i sječiva, alata i opće željezne robe
2561;Proizvodnja pribora za jelo i sječiva
25610;Proizvodnja pribora za jelo i sječiva
2562;Proizvodnja brava i okova
25620;Proizvodnja brava i okova
2563;Proizvodnja alata
25630;Proizvodnja alata
259;Proizvodnja ostalih gotovih proizvoda od metala
2591;Proizvodnja čeličnih bačvi i sličnih posuda
25910;Proizvodnja čeličnih bačvi i sličnih posuda
2592;Proizvodnja ambalaže od lakih metala
25920;Proizvodnja ambalaže od lakih metala
2593;Proizvodnja proizvoda od žice, lanaca i opruga
25930;Proizvodnja proizvoda od žice, lanaca i opruga
2594;Proizvodnja zakovica i vijčane robe
25940;Proizvodnja zakovica i vijčane robe
2599;Proizvodnja ostalih gotovih proizvoda od metala, d. n.
25990;Proizvodnja ostalih gotovih proizvoda od metala, d. n.
26;Proizvodnja računala te elektroničkih i optičkih proizvoda
261;Proizvodnja elektroničkih komponenata i ploča
2611;Proizvodnja elektroničkih komponenata
26110;Proizvodnja elektroničkih komponenata
2612;Proizvodnja punih elektroničkih ploča
26120;Proizvodnja punih elektroničkih ploča
262;Proizvodnja računala i periferne opreme
2620;Proizvodnja računala i periferne opreme
26200;Proizvodnja računala i periferne opreme
263;Proizvodnja komunikacijske opreme
2630;Proizvodnja komunikacijske opreme
26300;Proizvodnja komunikacijske opreme
264;Proizvodnja elektroničkih uređaja za široku potrošnju
2640;Proizvodnja elektroničkih uređaja za široku potrošnju
26400;Proizvodnja elektroničkih uređaja za široku potrošnju
265;Proizvodnja mjernih instrumenata za ispitivanje i satova
2651;Proizvodnja instrumenata i aparata za mjerenje, ispitivanje i navigaciju
26510;Proizvodnja instrumenata i aparata za mjerenje, ispitivanje i navigaciju
2652;Proizvodnja satova
26520;Proizvodnja satova
266;Proizvodnja opreme za zračenje, elektromedicinske i elektroterapeutske opreme
2660;Proizvodnja opreme za zračenje, elektromedicinske i elektroterapeutske opreme
26600;Proizvodnja opreme za zračenje, elektromedicinske i elektroterapeutske opreme
267;Proizvodnja optičkih instrumenata, magnetskih i optičkih medija te fotografske opreme
2670;Proizvodnja optičkih instrumenata, magnetskih i optičkih medija te fotografske opreme
26700;Proizvodnja optičkih instrumenata, magnetskih i optičkih medija te fotografske opreme
27;Proizvodnja električne opreme
271;Proizvodnja elektromotora, generatora, transformatora te uređaja za distribuciju i kontrolu električne energije
2711;Proizvodnja elektromotora, generatora i transformatora
27110;Proizvodnja elektromotora, generatora i transformatora
2712;Proizvodnja uređaja za distribuciju i kontrolu električne energije
27120;Proizvodnja uređaja za distribuciju i kontrolu električne energije
272;Proizvodnja baterija i akumulatora
2720;Proizvodnja baterija i akumulatora
27200;Proizvodnja baterija i akumulatora
273;Proizvodnja žice i elektroinstalacijskog materijala
2731;Proizvodnja kablova od optičkih vlakana
27310;Proizvodnja kablova od optičkih vlakana
2732;Proizvodnja ostalih elektroničkih i električnih žica i kablova
27320;Proizvodnja ostalih elektroničkih i električnih žica i kablova
2733;Proizvodnja elektroinstalacijskog materijala
27330;Proizvodnja elektroinstalacijskog materijala
274;Proizvodnja rasvjetne opreme
2740;Proizvodnja rasvjetne opreme
27400;Proizvodnja rasvjetne opreme
275;Proizvodnja aparata za kućanstvo
2751;Proizvodnja električnih aparata za kućanstvo
27510;Proizvodnja električnih aparata za kućanstvo
2752;Proizvodnja neelektričnih aparata za kućanstvo
27520;Proizvodnja neelektričnih aparata za kućanstvo
279;Proizvodnja ostale električne opreme
2790;Proizvodnja ostale električne opreme
27900;Proizvodnja ostale električne opreme
28;Proizvodnja strojeva i uređaja, d. n.
281;Proizvodnja strojeva za opće namjene
2811;Proizvodnja motora i turbina, osim motora za zrakoplove i motorna vozila
28110;Proizvodnja motora i turbina, osim motora za zrakoplove i motorna vozila
2812;Proizvodnja hidrauličnih pogonskih uređaja
28120;Proizvodnja hidrauličnih pogonskih uređaja
2813;Proizvodnja ostalih crpki i kompresora
28130;Proizvodnja ostalih crpki i kompresora
2814;Proizvodnja ostalih slavina i ventila
28140;Proizvodnja ostalih slavina i ventila
2815;Proizvodnja ležajeva, prijenosnika te prijenosnih i pogonskih elemenata
28150;Proizvodnja ležajeva, prijenosnika te prijenosnih i pogonskih elemenata
282;Proizvodnja ostalih strojeva za opće namjene
2821;Proizvodnja peći, kamina  i trajne opreme za grijanje kućanstva
28210;Proizvodnja peći, kamina  i trajne opreme za grijanje kućanstva
2822;Proizvodnja uređaja za dizanje i prenošenje 
28220;Proizvodnja uređaja za dizanje i prenošenje 
2823;Proizvodnja uredskih strojeva i opreme, osim proizvodnje računala i periferne opreme
28230;Proizvodnja uredskih strojeva i opreme, osim proizvodnje računala i periferne opreme
2824;Proizvodnja mehaniziranog ručnog alata
28240;Proizvodnja mehaniziranog ručnog alata
2825;Proizvodnja rashladne i ventilacijske opreme, osim za kućanstva
28250;Proizvodnja rashladne i ventilacijske opreme, osim za kućanstva
2829;Proizvodnja ostalih strojeva za opće namjene, d. n.
28290;Proizvodnja ostalih strojeva za opće namjene, d. n.
283;Proizvodnja strojeva za poljoprivredu i šumarstvo
2830;Proizvodnja strojeva za poljoprivredu i šumarstvo
28300;Proizvodnja strojeva za poljoprivredu i šumarstvo
284;Proizvodnja strojeva za oblikovanje metala i alatnih strojeva
2841;Proizvodnja strojeva za oblikovanje metala i alatnih strojeva za obradu metala
28410;Proizvodnja strojeva za oblikovanje metala i alatnih strojeva za obradu metala
2842;Proizvodnja ostalih alatnih strojeva
28420;Proizvodnja ostalih alatnih strojeva
289;Proizvodnja ostalih strojeva za posebne namjene
2891;Proizvodnja strojeva za metalurgiju
28910;Proizvodnja strojeva za metalurgiju
2892;Proizvodnja strojeva za rudnike, kamenolome i građevinarstvo
28920;Proizvodnja strojeva za rudnike, kamenolome i građevinarstvo
2893;Proizvodnja strojeva za industriju hrane, pića i duhana
28930;Proizvodnja strojeva za industriju hrane, pića i duhana
2894;Proizvodnja strojeva za industriju tekstila, odjeće i kože
28940;Proizvodnja strojeva za industriju tekstila, odjeće i kože
2895;Proizvodnja strojeva za industriju papira i kartona
28950;Proizvodnja strojeva za industriju papira i kartona
2896;Proizvodnja strojeva za plastiku i gumu
28960;Proizvodnja strojeva za plastiku i gumu
2897;Proizvodnja strojeva za aditivnu proizvodnju
28970;Proizvodnja strojeva za aditivnu proizvodnju
2899;Proizvodnja ostalih strojeva za posebne namjene, d. n.
28990;Proizvodnja ostalih strojeva za posebne namjene, d. n.
29;Proizvodnja motornih vozila, prikolica i poluprikolica
291;Proizvodnja motornih vozila
2910;Proizvodnja motornih vozila
29100;Proizvodnja motornih vozila
292;"Proizvodnja karoserija za motorna vozila; proizvodnja prikolica i poluprikolica"
2920;"Proizvodnja karoserija za motorna vozila; proizvodnja prikolica i poluprikolica"
29200;"Proizvodnja karoserija za motorna vozila; proizvodnja prikolica i poluprikolica"
293;Proizvodnja dijelova i pribora za motorna vozila
2931;Proizvodnja električne i elektroničke opreme za motorna vozila
29310;Proizvodnja električne i elektroničke opreme za motorna vozila
2932;Proizvodnja ostalih dijelova i pribora za motorna vozila
29320;Proizvodnja ostalih dijelova i pribora za motorna vozila
30;Proizvodnja ostalih prijevoznih sredstava
301;Gradnja brodova i čamaca
3011;Gradnja civilnih brodova i plutajućih objekata
30110;Gradnja civilnih brodova i plutajućih objekata
3012;Gradnja čamaca za razonodu i sportskih čamaca
30120;Gradnja čamaca za razonodu i sportskih čamaca
3013;Gradnja vojnih brodova i plovila
30130;Gradnja vojnih brodova i plovila
302;Proizvodnja željezničkih lokomotiva i tračničkih vozila 
3020;Proizvodnja željezničkih lokomotiva i tračničkih vozila 
30200;Proizvodnja željezničkih lokomotiva i tračničkih vozila 
303;Proizvodnja zrakoplova i svemirskih letjelica te srodnih strojeva i opreme
3031;Proizvodnja civilnih zrakoplova i svemirskih letjelica te srodnih strojeva i opreme
30310;Proizvodnja civilnih zrakoplova i svemirskih letjelica te srodnih strojeva i opreme
3032;Proizvodnja vojnih zrakoplova i svemirskih letjelica te srodnih strojeva i opreme
30320;Proizvodnja vojnih zrakoplova i svemirskih letjelica te srodnih strojeva i opreme
304;Proizvodnja vojnih borbenih vozila
3040;Proizvodnja vojnih borbenih vozila
30400;Proizvodnja vojnih borbenih vozila
309;Proizvodnja prijevoznih sredstava, d. n.
3091;Proizvodnja motocikala
30910;Proizvodnja motocikala
3092;Proizvodnja bicikala i invalidskih kolica
30920;Proizvodnja bicikala i invalidskih kolica
3099;Proizvodnja ostalih prijevoznih sredstava, d. n.
30990;Proizvodnja ostalih prijevoznih sredstava, d. n.
31;Proizvodnja namještaja
310;Proizvodnja namještaja
3100;Proizvodnja namještaja
31001;Proizvodnja namještaja za poslovne i prodajne prostore
31002;Proizvodnja kuhinjskog namještaja
31003;Proizvodnja madraca
31009;Proizvodnja ostalog namještaja
32;Ostala prerađivačka industrija
321;Proizvodnja nakita, imitacije nakita (bižuterije) i srodnih proizvoda
3211;Proizvodnja kovanog novca
32110;Proizvodnja kovanog novca
3212;Proizvodnja nakita i srodnih proizvoda
32120;Proizvodnja nakita i srodnih proizvoda
3213;Proizvodnja imitacije nakita (bižuterije) i srodnih proizvoda
32130;Proizvodnja imitacije nakita (bižuterije) i srodnih proizvoda
322;Proizvodnja glazbenih instrumenata
3220;Proizvodnja glazbenih instrumenata
32200;Proizvodnja glazbenih instrumenata
323;Proizvodnja sportske opreme
3230;Proizvodnja sportske opreme
32300;Proizvodnja sportske opreme
324;Proizvodnja igara i igračaka
3240;Proizvodnja igara i igračaka
32400;Proizvodnja igara i igračaka
325;Proizvodnja medicinskih i stomatoloških instrumenata i pribora
3250;Proizvodnja medicinskih i stomatoloških instrumenata i pribora
32500;Proizvodnja medicinskih i stomatoloških instrumenata i pribora
329;Prerađivačka industrija, d. n.
3291;Proizvodnja metli i četki
32910;Proizvodnja metli i četki
3299;Ostala prerađivačka industrija, d. n.
32990;Ostala prerađivačka industrija, d. n.
33;Popravak, održavanje i instaliranje strojeva i opreme
331;Popravak i održavanje proizvoda od metala, strojeva i opreme
3311;Popravak i održavanje proizvoda od metala
33110;Popravak i održavanje proizvoda od metala
3312;Popravak i održavanje strojeva
33120;Popravak i održavanje strojeva
3313;Popravak i održavanje elektroničke i optičke opreme
33130;Popravak i održavanje elektroničke i optičke opreme
3314;Popravak i održavanje električne opreme
33140;Popravak i održavanje električne opreme
3315;Popravak i održavanje civilnih brodova i čamaca
33150;Popravak i održavanje civilnih brodova i čamaca
3316;Popravak i održavanje civilnih zrakoplova i svemirskih letjelica
33160;Popravak i održavanje civilnih zrakoplova i svemirskih letjelica
3317;Popravak i održavanje ostalih civilnih prijevoznih sredstava
33170;Popravak i održavanje ostalih civilnih prijevoznih sredstava
3318;Popravak i održavanje vojnih borbenih vozila, brodova, čamaca, zrakoplova i svemirskih letjelica
33180;Popravak i održavanje vojnih borbenih vozila, brodova, čamaca, zrakoplova i svemirskih letjelica
3319;Popravak i održavanje ostale opreme
33190;Popravak i održavanje ostale opreme
332;Instalacija industrijskih strojeva i opreme
3320;Instalacija industrijskih strojeva i opreme
33200;Instalacija industrijskih strojeva i opreme
D;OPSKRBA ELEKTRIČNOM ENERGIJOM, PLINOM, PAROM I KLIMATIZACIJA
35;Opskrba električnom energijom, plinom, parom i klimatizacija
351;Proizvodnja, prijenos i distribucija električne energije
3511;Proizvodnja električne energije iz neobnovljivih izvora
35110;Proizvodnja električne energije iz neobnovljivih izvora
3512;Proizvodnja električne energije iz obnovljivih izvora
35120;Proizvodnja električne energije iz obnovljivih izvora
3513;Prijenos električne energije
35130;Prijenos električne energije
3514;Distribucija električne energije
35140;Distribucija električne energije
3515;Trgovina električnom energijom
35150;Trgovina električnom energijom
3516;Skladištenje električne energije
35160;Skladištenje električne energije
352;Proizvodnja plina i distribucija plinovitih goriva distribucijskom mrežom
3521;Proizvodnja plina
35210;Proizvodnja plina
3522;Distribucija plinovitih goriva distribucijskom mrežom
35221;Djelatnosti distribucije plina distribucijskom mrežom
35222;Djelatnosti opskrbe plinom putem distribucijske mreže
35229;Djelatnosti distribucije ostalih plinovitih goriva distribucijskom mrežom
3523;Trgovina plinom distribucijskom mrežom
35230;Trgovina plinom distribucijskom mrežom
3524;Skladištenje plina kao dio usluge opskrbe putem mreže
35240;Skladištenje plina kao dio usluge opskrbe putem mreže
353;Opskrba parom i klimatizacija
3530;Opskrba parom i klimatizacija
35300;Opskrba parom i klimatizacija
354;Djelatnosti brokera i agenata za električnu energiju i plin
3540;Djelatnosti brokera i agenata za električnu energiju i plin
35400;Djelatnosti brokera i agenata za električnu energiju i plin
E;"OPSKRBA VODOM; UKLANJANJE OTPADNIH VODA, GOSPODARENJE OTPADOM TE DJELATNOSTI SANACIJE OKOLIŠA"
36;Zahvaćanje, pročišćavanje i opskrba vodom
360;Zahvaćanje, pročišćavanje i opskrba vodom
3600;Zahvaćanje, pročišćavanje i opskrba vodom
36000;Zahvaćanje, pročišćavanje i opskrba vodom
37;Obrada otpadnih voda
370;Obrada otpadnih voda
3700;Obrada otpadnih voda
37000;Obrada otpadnih voda
38;Sakupljanje, oporaba i zbrinjavanje otpada
381;Sakupljanje otpada
3811;Sakupljanje neopasnog otpada
38110;Sakupljanje neopasnog otpada
3812;Sakupljanje opasnog otpada
38120;Sakupljanje opasnog otpada
382;Oporaba otpada
3821;Oporaba materijala
38210;Oporaba materijala
3822;Oporaba energije
38220;Oporaba energije
3823;Ostala oporaba otpada
38230;Ostala oporaba otpada
383;Zbrinjavanje otpada bez oporabe
3831;Spaljivanje otpada bez dobivanja energije
38310;Spaljivanje otpada bez dobivanja energije
3832;Odlaganje ili trajno skladištenje otpada
38320;Odlaganje ili trajno skladištenje otpada
3833;Ostalo zbrinjavanje otpada
38330;Ostalo zbrinjavanje otpada
39;Djelatnosti sanacije okoliša i ostale djelatnosti gospodarenja otpadom
390;Djelatnosti sanacije okoliša i ostale djelatnosti gospodarenja otpadom
3900;Djelatnosti sanacije okoliša i ostale djelatnosti gospodarenja otpadom
39000;Djelatnosti sanacije okoliša i ostale djelatnosti gospodarenja otpadom
F;GRAĐEVINARSTVO
41;Građenje stambenih i nestambenih zgrada
410;Građenje stambenih i nestambenih zgrada
4100;Građenje stambenih i nestambenih zgrada
41000;Građenje stambenih i nestambenih zgrada
42;Građenje građevina niskogradnje
421;Građenje cesta i željezničkih pruga
4211;Građenje cesta i autocesta
42110;Građenje cesta i autocesta
4212;Građenje željezničkih pruga i podzemnih željeznica
42120;Građenje željezničkih pruga i podzemnih željeznica
4213;Građenje mostova i tunela
42130;Građenje mostova i tunela
422;Građenje cjevovoda, elektroenergetskih i telekomunikacijskih vodova
4221;Građenje cjevovoda za tekućine i plinove
42210;Građenje cjevovoda za tekućine i plinove
4222;Građenje elektroenergetskih i telekomunikacijskih vodova
42220;Građenje elektroenergetskih i telekomunikacijskih vodova
429;Građenje ostalih građevina niskogradnje
4291;Građenje vodnih građevina
42910;Građenje vodnih građevina
4299;Građenje ostalih građevina niskogradnje, d. n.
42990;Građenje ostalih građevina niskogradnje, d. n.
43;Specijalizirane građevinske djelatnosti
431;Uklanjanje građevina i pripremni radovi na gradilištu
4311;Uklanjanje građevina 
43110;Uklanjanje građevina 
4312;Pripremni radovi na gradilištu
43120;Pripremni radovi na gradilištu
4313;Pokusno bušenje i sondiranje terena za gradnju
43130;Pokusno bušenje i sondiranje terena za gradnju
432;Građevinski instalacijski radovi
4321;Elektroinstalacijski radovi 
43210;Elektroinstalacijski radovi 
4322;Uvođenje instalacija vodovoda, kanalizacije i plina te instalacija za grijanje i klimatizaciju
43220;Uvođenje instalacija vodovoda, kanalizacije i plina te instalacija za grijanje i klimatizaciju
4323;Radovi na postavljanju izolacije
43230;Radovi na postavljanju izolacije
4324;Ostali građevinski instalacijski radovi
43240;Ostali građevinski instalacijski radovi
433;Završni građevinski radovi
4331;Fasadni i štukaturski radovi
43310;Fasadni i štukaturski radovi
4332;Ugradnja stolarije
43320;Ugradnja stolarije
4333;Postavljanje podnih i zidnih obloga
43330;Postavljanje podnih i zidnih obloga
4334;Soboslikarski i staklarski radovi
43340;Soboslikarski i staklarski radovi
4335;Ostali završni građevinski radovi
43350;Ostali završni građevinski radovi
434;Specijalizirani građevinski radovi u gradnji zgrada
4341;Radovi na krovištu
43410;Radovi na krovištu
4342;Ostali specijalizirani građevinski radovi u gradnji zgrada
43420;Ostali specijalizirani građevinski radovi u gradnji zgrada
435;Specijalizirani građevinski radovi u niskogradnji
4350;Specijalizirani građevinski radovi u niskogradnji
43500;Specijalizirani građevinski radovi u niskogradnji
436;Usluge posredovanja u pružanju specijaliziranih građevinskih usluga
4360;Usluge posredovanja u pružanju specijaliziranih građevinskih usluga
43600;Usluge posredovanja u pružanju specijaliziranih građevinskih usluga
439;Ostale specijalizirane građevinske djelatnosti
4391;Zidarski radovi
43910;Zidarski radovi
4399;Ostale specijalizirane građevinske djelatnosti, d. n.
43990;Ostale specijalizirane građevinske djelatnosti, d. n.
G;TRGOVINA NA VELIKO I NA MALO
46;Trgovina na veliko
461;Trgovina na veliko uz naplatu ili na osnovi ugovora
4611;Posredovanje u trgovini na veliko poljoprivrednim sirovinama, živim životinjama, tekstilnim sirovinama i poluproizvodima
46110;Posredovanje u trgovini na veliko poljoprivrednim sirovinama, živim životinjama, tekstilnim sirovinama i poluproizvodima
4612;Posredovanje u trgovini na veliko gorivima, rudama, metalima i industrijskim kemikalijama
46120;Posredovanje u trgovini na veliko gorivima, rudama, metalima i industrijskim kemikalijama
4613;Posredovanje u trgovini na veliko drvom i građevinskim materijalom
46130;Posredovanje u trgovini na veliko drvom i građevinskim materijalom
4614;Posredovanje u trgovini na veliko strojevima, industrijskom opremom, brodovima i zrakoplovima
46140;Posredovanje u trgovini na veliko strojevima, industrijskom opremom, brodovima i zrakoplovima
4615;Posredovanje u trgovini na veliko namještajem, proizvodima za kućanstvo i željeznom robom
46150;Posredovanje u trgovini na veliko namještajem, proizvodima za kućanstvo i željeznom robom
4616;Posredovanje u trgovini na veliko tekstilom, odjećom, krznom, obućom i kožnim proizvodima
46160;Posredovanje u trgovini na veliko tekstilom, odjećom, krznom, obućom i kožnim proizvodima
4617;Posredovanje u trgovini na veliko hranom, pićima i duhanom
46170;Posredovanje u trgovini na veliko hranom, pićima i duhanom
4618;Posredovanje u trgovini na veliko ostalim određenim proizvodima
46180;Posredovanje u trgovini na veliko ostalim određenim proizvodima
4619;Posredovanje u  nespecijaliziranoj trgovini na veliko 
46190;Posredovanje u  nespecijaliziranoj trgovini na veliko 
462;Trgovina na veliko poljoprivrednim sirovinama i živim životinjama
4621;Trgovina na veliko žitaricama, sirovim duhanom, sjemenjem i stočnom hranom
46210;Trgovina na veliko žitaricama, sirovim duhanom, sjemenjem i stočnom hranom
4622;Trgovina na veliko cvijećem i sadnicama
46220;Trgovina na veliko cvijećem i sadnicama
4623;Trgovina na veliko živim životinjama
46230;Trgovina na veliko živim životinjama
4624;Trgovina na veliko sirovim i štavljenim kožama
46240;Trgovina na veliko sirovim i štavljenim kožama
463;Trgovina na veliko hranom, pićima i duhanom
4631;Trgovina na veliko voćem i povrćem
46310;Trgovina na veliko voćem i povrćem
4632;Trgovina na veliko mesom, mesnim proizvodima, ribom i ribljim proizvodima
46320;Trgovina na veliko mesom, mesnim proizvodima, ribom i ribljim proizvodima
4633;Trgovina na veliko mlijekom, mliječnim proizvodima, jajima, jestivim uljima i mastima
46330;Trgovina na veliko mlijekom, mliječnim proizvodima, jajima, jestivim uljima i mastima
4634;Trgovina na veliko pićima
46340;Trgovina na veliko pićima
4635;Trgovina na veliko duhanskim proizvodima
46350;Trgovina na veliko duhanskim proizvodima
4636;Trgovina na veliko šećerom, čokoladom i proizvodima od šećera
46360;Trgovina na veliko šećerom, čokoladom i proizvodima od šećera
4637;Trgovina na veliko kavom, čajem, kakaom i začinima
46370;Trgovina na veliko kavom, čajem, kakaom i začinima
4638;Trgovina na veliko ostalom hranom 
46380;Trgovina na veliko ostalom hranom 
4639;Nespecijalizirana trgovina na veliko hranom, pićima i duhanskim proizvodima
46390;Nespecijalizirana trgovina na veliko hranom, pićima i duhanskim proizvodima
464;Trgovina na veliko proizvodima za kućanstvo
4641;Trgovina na veliko tekstilom
46410;Trgovina na veliko tekstilom
4642;Trgovina na veliko odjećom i obućom
46420;Trgovina na veliko odjećom i obućom
4643;Trgovina na veliko električnim aparatima za kućanstvo
46430;Trgovina na veliko električnim aparatima za kućanstvo
4644;Trgovina na veliko porculanom, staklom i sredstvima za čišćenje
46440;Trgovina na veliko porculanom, staklom i sredstvima za čišćenje
4645;Trgovina na veliko parfemima i kozmetikom
46450;Trgovina na veliko parfemima i kozmetikom
4646;Trgovina na veliko farmaceutskim i medicinskim proizvodima
46460;Trgovina na veliko farmaceutskim i medicinskim proizvodima
4647;Trgovina na veliko namještajem za kućanstva, urede i trgovine, sagovima i opremom za rasvjetu
46470;Trgovina na veliko namještajem za kućanstva, urede i trgovine, sagovima i opremom za rasvjetu
4648;Trgovina na veliko satovima i nakitom
46480;Trgovina na veliko satovima i nakitom
4649;Trgovina na veliko ostalim proizvodima za kućanstvo
46490;Trgovina na veliko ostalim proizvodima za kućanstvo
465;Trgovina na veliko informacijsko-komunikacijskom opremom
4650;Trgovina na veliko informacijsko-komunikacijskom opremom
46500;Trgovina na veliko informacijsko-komunikacijskom opremom
466;Trgovina na veliko ostalim strojevima, opremom i priborom
4661;Trgovina na veliko poljoprivrednim strojevima, opremom i priborom
46610;Trgovina na veliko poljoprivrednim strojevima, opremom i priborom
4662;Trgovina na veliko alatnim strojevima
46620;Trgovina na veliko alatnim strojevima
4663;Trgovina na veliko strojevima za rudarstvo i građevinarstvo
46630;Trgovina na veliko strojevima za rudarstvo i građevinarstvo
4664;Trgovina na veliko ostalim strojevima i opremom
46640;Trgovina na veliko ostalim strojevima i opremom
467;Trgovina na veliko motornim vozilima, motociklima te njihovim dijelovima i priborom 
4671;Trgovina na veliko motornim vozilima
46710;Trgovina na veliko motornim vozilima
4672;Trgovina na veliko dijelovima i priborom za motorna vozila
46720;Trgovina na veliko dijelovima i priborom za motorna vozila
4673;Trgovina na veliko motociklima te dijelovima i priborom za motocikle
46730;Trgovina na veliko motociklima te dijelovima i priborom za motocikle
468;Ostala specijalizirana trgovina na veliko
4681;Trgovina na veliko krutim, tekućim i plinovitim gorivima i srodnim proizvodima
46810;Trgovina na veliko krutim, tekućim i plinovitim gorivima i srodnim proizvodima
4682;Trgovina na veliko metalima i metalnim rudama
46820;Trgovina na veliko metalima i metalnim rudama
4683;Trgovina na veliko drvom, građevinskim materijalom i sanitarnom opremom
46830;Trgovina na veliko drvom, građevinskim materijalom i sanitarnom opremom
4684;Trgovina na veliko željeznom robom, instalacijskim materijalom i opremom za vodovod i grijanje
46840;Trgovina na veliko željeznom robom, instalacijskim materijalom i opremom za vodovod i grijanje
4685;Trgovina na veliko kemijskim proizvodima
46850;Trgovina na veliko kemijskim proizvodima
4686;Trgovina na veliko ostalim poluproizvodima
46860;Trgovina na veliko ostalim poluproizvodima
4687;Trgovina na veliko ostacima i otpacima
46870;Trgovina na veliko ostacima i otpacima
4689;Ostala specijalizirana trgovina na veliko, d. n.
46890;Ostala specijalizirana trgovina na veliko, d. n.
469;Nespecijalizirana trgovina na veliko
4690;Nespecijalizirana trgovina na veliko
46900;Nespecijalizirana trgovina na veliko
47;Trgovina na malo
471;Nespecijalizirana trgovina na malo
4711;Nespecijalizirana trgovina na malo pretežno hranom, pićima i duhanskim proizvodima
47110;Nespecijalizirana trgovina na malo pretežno hranom, pićima i duhanskim proizvodima
4712;Ostala nespecijalizirana trgovina na malo
47120;Ostala nespecijalizirana trgovina na malo
472;Trgovina na malo hranom, pićima i duhanskim proizvodima
4721;Trgovina na malo voćem i povrćem
47210;Trgovina na malo voćem i povrćem
4722;Trgovina na malo mesom i mesnim proizvodima
47220;Trgovina na malo mesom i mesnim proizvodima
4723;Trgovina na malo ribama, rakovima i mekušcima
47230;Trgovina na malo ribama, rakovima i mekušcima
4724;Trgovina na malo kruhom, kolačima i slatkim proizvodima
47240;Trgovina na malo kruhom, kolačima i slatkim proizvodima
4725;Trgovina na malo pićima 
47250;Trgovina na malo pićima 
4726;Trgovina na malo duhanskim proizvodima
47260;Trgovina na malo duhanskim proizvodima
4727;Trgovina na malo ostalim prehrambenim proizvodima
47270;Trgovina na malo ostalim prehrambenim proizvodima
473;Trgovina na malo motornim gorivima i mazivima 
4730;Trgovina na malo motornim gorivima i mazivima 
47300;Trgovina na malo motornim gorivima i mazivima 
474;Trgovina na malo informacijsko-komunikacijskom opremom
4740;Trgovina na malo informacijsko-komunikacijskom opremom
47400;Trgovina na malo informacijsko-komunikacijskom opremom
475;Trgovina na malo ostalom opremom za kućanstvo
4751;Trgovina na malo tekstilom
47510;Trgovina na malo tekstilom
4752;Trgovina na malo željeznom robom, građevinskim materijalom, bojama i staklom 
47520;Trgovina na malo željeznom robom, građevinskim materijalom, bojama i staklom 
4753;Trgovina na malo sagovima, prostirkama za pod, zidnim i podnim oblogama
47530;Trgovina na malo sagovima, prostirkama za pod, zidnim i podnim oblogama
4754;Trgovina na malo električnim aparatima za kućanstvo
47540;Trgovina na malo električnim aparatima za kućanstvo
4755;Trgovina na malo namještajem, opremom za rasvjetu, stolnim posuđem i ostalim proizvodima za kućanstvo
47550;Trgovina na malo namještajem, opremom za rasvjetu, stolnim posuđem i ostalim proizvodima za kućanstvo
476;Trgovina na malo proizvodima za kulturu i rekreaciju
4761;Trgovina na malo knjigama
47610;Trgovina na malo knjigama
4762;Trgovina na malo novinama i ostalim periodičnim publikacijama te papirnatom robom i pisaćim priborom
47620;Trgovina na malo novinama i ostalim periodičnim publikacijama te papirnatom robom i pisaćim priborom
4763;Trgovina na malo sportskom opremom
47630;Trgovina na malo sportskom opremom
4764;Trgovina na malo igrama i igračkama
47640;Trgovina na malo igrama i igračkama
4769;Trgovina na malo proizvodima za kulturu i rekreaciju, d. n.
47690;Trgovina na malo proizvodima za kulturu i rekreaciju, d. n.
477;Trgovina na malo ostalom robom, osim motornim vozilima i motociklima
4771;Trgovina na malo odjećom
47710;Trgovina na malo odjećom
4772;Trgovina na malo obućom i proizvodima od kože 
47720;Trgovina na malo obućom i proizvodima od kože 
4773;Trgovina na malo farmaceutskim proizvodima
47730;Trgovina na malo farmaceutskim proizvodima
4774;Trgovina na malo medicinskim i ortopedskim proizvodima
47741;Trgovina na malo naočalama
47749;Trgovina na malo ostalim medicinskim i ortopedskim proizvodima
4775;Trgovina na malo kozmetičkim i toaletnim proizvodima
47750;Trgovina na malo kozmetičkim i toaletnim proizvodima
4776;Trgovina na malo cvijećem, sadnicama, gnojivom, kućnim ljubimcima i hranom za kućne ljubimce
47761;Trgovina na malo cvijećem
47762;Trgovina na malo sadnicama i gnojivom
47763;Trgovina na malo kućnim ljubimcima i hranom za kućne ljubimce
4777;Trgovina na malo satovima i nakitom
47770;Trgovina na malo satovima i nakitom
4778;Trgovina na malo ostalom novom robom
47780;Trgovina na malo ostalom novom robom
4779;Trgovina na malo rabljenom robom
47790;Trgovina na malo rabljenom robom
478;Trgovina na malo motornim vozilima, motociklima te njihovim dijelovima i priborom
4781;Trgovina na malo motornim vozilima
47810;Trgovina na malo motornim vozilima
4782;Trgovina na malo dijelovima i priborom za motorna vozila
47820;Trgovina na malo dijelovima i priborom za motorna vozila
4783;Trgovina na malo motociklima, njihovim dijelovima i priborom
47830;Trgovina na malo motociklima, njihovim dijelovima i priborom
479;Uslužne djelatnosti posredovanja u trgovini na malo
4791;Uslužne djelatnosti posredovanja u nespecijaliziranoj trgovini na malo
47910;Uslužne djelatnosti posredovanja u nespecijaliziranoj trgovini na malo
4792;Uslužne djelatnosti posredovanja u specijaliziranoj trgovini na malo
47920;Uslužne djelatnosti posredovanja u specijaliziranoj trgovini na malo
H;PRIJEVOZ I SKLADIŠTENJE
49;Kopneni prijevoz i cjevovodni transport
491;Željeznički prijevoz putnika
4911;Prijevoz putnika nacionalnom i međunarodnom željeznicom
49110;Prijevoz putnika nacionalnom i međunarodnom željeznicom
4912;Ostali željeznički prijevoz putnika
49120;Ostali željeznički prijevoz putnika
492;Željeznički prijevoz robe
4920;Željeznički prijevoz robe
49200;Željeznički prijevoz robe
493;Ostali kopneni prijevoz putnika
4931;Linijski cestovni prijevoz putnika
49310;Linijski cestovni prijevoz putnika
4932;Povremeni cestovni prijevoz putnika
49320;Povremeni cestovni prijevoz putnika
4933;Uslužne djelatnosti prijevoza putnika vozilom s vozačem na zahtjev
49330;Uslužne djelatnosti prijevoza putnika vozilom s vozačem na zahtjev
4934;Prijevoz putnika žičarom i vučnicom
49340;Prijevoz putnika žičarom i vučnicom
4939;Ostali kopneni prijevoz putnika, d. n.
49390;Ostali kopneni prijevoz putnika, d. n.
494;Cestovni prijevoz robe i usluge preseljenja
4941;Cestovni prijevoz robe
49410;Cestovni prijevoz robe
4942;Usluge preseljenja
49420;Usluge preseljenja
495;Cjevovodni transport
4950;Cjevovodni transport
49500;Cjevovodni transport
50;Vodni prijevoz
501;Pomorski i obalni prijevoz putnika
5010;Pomorski i obalni prijevoz putnika
50101;Prijevoz putnika na plovilima za kružna putovanja i izlete
50109;Ostali pomorski i obalni prijevoz putnika
502;Pomorski i obalni prijevoz robe
5020;Pomorski i obalni prijevoz robe
50200;Pomorski i obalni prijevoz robe
503;Prijevoz putnika unutarnjim vodnim putovima
5030;Prijevoz putnika unutarnjim vodnim putovima
50300;Prijevoz putnika unutarnjim vodnim putovima
504;Prijevoz robe unutarnjim vodnim putovima
5040;Prijevoz robe unutarnjim vodnim putovima
50400;Prijevoz robe unutarnjim vodnim putovima
51;Zračni prijevoz
511;Zračni prijevoz putnika
5110;Zračni prijevoz putnika
51100;Zračni prijevoz putnika
512;Zračni prijevoz robe i svemirski prijevoz
5121;Zračni prijevoz robe
51210;Zračni prijevoz robe
5122;Svemirski prijevoz
51220;Svemirski prijevoz
52;Skladištenje i prateće djelatnosti u prijevozu
521;Skladištenje robe
5210;Skladištenje robe
52100;Skladištenje robe
522;Prateće djelatnosti u prijevozu
5221;Uslužne djelatnosti u vezi s kopnenim prijevozom
52210;Uslužne djelatnosti u vezi s kopnenim prijevozom
5222;Uslužne djelatnosti u vezi s vodnim prijevozom
52220;Uslužne djelatnosti u vezi s vodnim prijevozom
5223;Uslužne djelatnosti u vezi sa zračnim prijevozom
52230;Uslužne djelatnosti u vezi sa zračnim prijevozom
5224;Prekrcaj tereta
52240;Prekrcaj tereta
5225;Uslužne djelatnosti u logistici
52250;Uslužne djelatnosti u logistici
5226;Ostale prateće djelatnosti u prijevozu
52260;Ostale prateće djelatnosti u prijevozu
523;Uslužne djelatnosti posredovanja u prijevozu
5231;Uslužne djelatnosti posredovanja u prijevozu robe
52310;Uslužne djelatnosti posredovanja u prijevozu robe
5232;Uslužne djelatnosti posredovanja u prijevozu putnika
52320;Uslužne djelatnosti posredovanja u prijevozu putnika
53;Poštanske i kurirske djelatnosti
531;Djelatnosti pružanja univerzalnih poštanskih usluga
5310;Djelatnosti pružanja univerzalnih poštanskih usluga
53100;Djelatnosti pružanja univerzalnih poštanskih usluga
532;Djelatnosti pružanja ostalih poštanskih i kurirskih usluga
5320;Djelatnosti pružanja ostalih poštanskih i kurirskih usluga
53200;Djelatnosti pružanja ostalih poštanskih i kurirskih usluga
533;Uslužne djelatnosti posredovanja u pružanju poštanskih i kurirskih usluga 
5330;Uslužne djelatnosti posredovanja u pružanju poštanskih i kurirskih usluga 
53300;Uslužne djelatnosti posredovanja u pružanju poštanskih i kurirskih usluga 
I;SMJEŠTAJ TE PRIPREMA I USLUŽIVANJE HRANE
55;Smještaj
551;Hoteli i sličan smještaj
5510;Hoteli i sličan smještaj
55100;Hoteli i sličan smještaj
552;Odmarališta i slični objekti za kraći odmor
5520;Odmarališta i slični objekti za kraći odmor
55200;Odmarališta i slični objekti za kraći odmor
553;Kampovi i prostori za kampiranje
5530;Kampovi i prostori za kampiranje
55300;Kampovi i prostori za kampiranje
554;Uslužne djelatnosti posredovanja u pružanju smještaja
5540;Uslužne djelatnosti posredovanja u pružanju smještaja
55400;Uslužne djelatnosti posredovanja u pružanju smještaja
559;Ostali smještaj
5590;Ostali smještaj
55900;Ostali smještaj
56;Djelatnosti pripreme i usluživanja hrane i pića
561;Djelatnosti restorana i pokretne djelatnosti usluživanja hrane
5611;Djelatnosti restorana
56110;Djelatnosti restorana
5612;Pokretne djelatnosti usluživanja hrane
56120;Pokretne djelatnosti usluživanja hrane
562;Djelatnosti keteringa za razna događanja, usluge keteringa na osnovi ugovora i ostale djelatnosti pripreme i usluživanja hrane
5621;Djelatnosti keteringa za razna događanja
56210;Djelatnosti keteringa za razna događanja
5622;Usluge keteringa na osnovi ugovora i ostale djelatnosti pripreme i usluživanja hrane
56220;Usluge keteringa na osnovi ugovora i ostale djelatnosti pripreme i usluživanja hrane
563;Djelatnosti pripreme i usluživanja pića
5630;Djelatnosti pripreme i usluživanja pića
56300;Djelatnosti pripreme i usluživanja pića
564;Uslužne djelatnosti posredovanja u pripremi i usluživanju hrane i pića
5640;Uslužne djelatnosti posredovanja u pripremi i usluživanju hrane i pića
56400;Uslužne djelatnosti posredovanja u pripremi i usluživanju hrane i pića
J;IZDAVAČKE DJELATNOSTI, DJELATNOSTI EMITIRANJA TE PROIZVODNJE I DISTRIBUCIJE SADRŽAJA
58;Izdavačke djelatnosti
581;Izdavanje knjiga, novina i ostale izdavačke djelatnosti, osim izdavanja softvera
5811;Izdavanje knjiga
58111;Izdavanje udžbenika
58119;Izdavanje ostalih knjiga
5812;Izdavanje novina
58120;Izdavanje novina
5813;Izdavanje časopisa i periodičnih publikacija
58130;Izdavanje časopisa i periodičnih publikacija
5819;Ostale izdavačke djelatnosti, osim izdavanja softvera
58190;Ostale izdavačke djelatnosti, osim izdavanja softvera
582;Izdavanje softvera
5821;Izdavanje videoigara
58210;Izdavanje videoigara
5829;Ostalo izdavanje softvera
58290;Ostalo izdavanje softvera
59;Proizvodnja filmova, videofilmova i televizijskog programa, djelatnosti snimanja zvučnih zapisa i izdavanja glazbenih zapisa
591;Proizvodnja i distribucija filmova, videofilmova i televizijskog programa
5911;Proizvodnja filmova, videofilmova i televizijskog programa
59110;Proizvodnja filmova, videofilmova i televizijskog programa
5912;Djelatnosti koje slijede nakon proizvodnje filmova i videofilmova i televizijskog programa
59120;Djelatnosti koje slijede nakon proizvodnje filmova i videofilmova i televizijskog programa
5913;Distribucija filmova, videofilmova i televizijskog programa
59130;Distribucija filmova, videofilmova i televizijskog programa
5914;Djelatnosti prikazivanja filmova
59140;Djelatnosti prikazivanja filmova
592;Djelatnosti snimanja zvučnih zapisa i izdavanja glazbenih zapisa
5920;Djelatnosti snimanja zvučnih zapisa i izdavanja glazbenih zapisa
59200;Djelatnosti snimanja zvučnih zapisa i izdavanja glazbenih zapisa
60;Emitiranje radijskog i televizijskog programa, djelatnosti novinskih agencija i ostale djelatnosti distribucije sadržaja
601;Emitiranje radijskog programa i distribucija audio sadržaja
6010;Emitiranje radijskog programa i distribucija audio sadržaja
60100;Emitiranje radijskog programa i distribucija audio sadržaja
602;Emitiranje televizijskog programa i video distribucija
6020;Emitiranje televizijskog programa i video distribucija
60200;Emitiranje televizijskog programa i video distribucija
603;Djelatnosti novinskih agencija i ostale djelatnosti distribucije sadržaja
6031;Djelatnosti novinskih agencija
60310;Djelatnosti novinskih agencija
6039;Ostale djelatnosti distribucije sadržaja
60390;Ostale djelatnosti distribucije sadržaja
K;TELEKOMUNIKACIJE, RAČUNALNO PROGRAMIRANJE, SAVJETOVANJE, RAČUNALNA INFRASTRUKTURA I OSTALE INFORMACIJSKE USLUŽNE DJELATNOSTI
61;Telekomunikacije
611;Žičane, bežične i satelitske telekomunikacijske djelatnosti
6110;Žičane, bežične i satelitske telekomunikacijske djelatnosti
61100;Žičane, bežične i satelitske telekomunikacijske djelatnosti
612;Djelatnosti preprodaje telekomunikacijskih usluga i usluge posredovanja u telekomunikacijskim djelatnostima
6120;Djelatnosti preprodaje telekomunikacijskih usluga i usluge posredovanja u telekomunikacijskim djelatnostima
61200;Djelatnosti preprodaje telekomunikacijskih usluga i usluge posredovanja u telekomunikacijskim djelatnostima
619;Ostale telekomunikacijske djelatnosti
6190;Ostale telekomunikacijske djelatnosti
61900;Ostale telekomunikacijske djelatnosti
62;Računalno programiranje, savjetovanje i djelatnosti povezane s njima
621;Računalno programiranje
6210;Računalno programiranje
62101;Programiranje videoigara
62109;Ostalo računalno programiranje
622;Računalno savjetovanje i djelatnosti upravljanja računalnom opremom
6220;Računalno savjetovanje i djelatnosti upravljanja računalnom opremom
62200;Računalno savjetovanje i djelatnosti upravljanja računalnom opremom
629;Ostale uslužne djelatnosti u vezi s informacijskom tehnologijom i računalima
6290;Ostale uslužne djelatnosti u vezi s informacijskom tehnologijom i računalima
62900;Ostale uslužne djelatnosti u vezi s informacijskom tehnologijom i računalima
63;Računalna infrastruktura, obrada podataka, usluge poslužitelja i ostale informacijske uslužne djelatnosti
631;Računalna infrastruktura, obrada podataka, usluge poslužitelja i povezane djelatnosti
6310;Računalna infrastruktura, obrada podataka, usluge poslužitelja i povezane djelatnosti
63100;Računalna infrastruktura, obrada podataka, usluge poslužitelja i povezane djelatnosti
639;Djelatnosti internetskih portala i druge informacijske uslužne djelatnosti
6391;Djelatnosti internetskih portala
63910;Djelatnosti internetskih portala
6392;Ostale informacijske uslužne djelatnosti
63920;Ostale informacijske uslužne djelatnosti
L;FINANCIJSKE DJELATNOSTI I DJELATNOSTI OSIGURANJA
64;Financijske uslužne djelatnosti, osim osiguranja i mirovinskih fondova
641;Novčarsko posredovanje
6411;Središnje bankarstvo
64110;Središnje bankarstvo
6419;Ostalo novčarsko posredovanje
64190;Ostalo novčarsko posredovanje
642;Djelatnosti holding-društava i kanala financiranja
6421;Djelatnosti holding-društava
64210;Djelatnosti holding-društava
6422;Djelatnosti kanala financiranja
64220;Djelatnosti kanala financiranja
643;Djelatnosti uzajamnih fondova (trustova), ostalih fondova i sličnih financijskih subjekata
6431;Djelatnost novčanih i nenovčanih investicijskih fondova
64310;Djelatnost novčanih i nenovčanih investicijskih fondova
6432;Djelatnosti uzajamnih fondova (trustova), imovinskih računa i računa o zastupanju
64320;Djelatnosti uzajamnih fondova (trustova), imovinskih računa i računa o zastupanju
649;Ostale financijske uslužne djelatnosti, osim osiguranja i mirovinskih fondova
6491;Financijski leasing
64910;Financijski leasing
6492;Ostalo kreditno posredovanje
64920;Ostalo kreditno posredovanje
6499;Ostale financijske uslužne djelatnosti, osim osiguranja i mirovinskih fondova, d. n.
64990;Ostale financijske uslužne djelatnosti, osim osiguranja i mirovinskih fondova, d. n.
65;Osiguranje, reosiguranje i mirovinski fondovi, osim obveznog socijalnog osiguranja
651;Osiguranje
6511;Životno osiguranje
65110;Životno osiguranje
6512;Ostalo osiguranje, osim životnog
65120;Ostalo osiguranje, osim životnog
652;Reosiguranje
6520;Reosiguranje
65200;Reosiguranje
653;Mirovinski fondovi
6530;Mirovinski fondovi
65300;Mirovinski fondovi
66;Pomoćne djelatnosti za financijske usluge i djelatnosti osiguranja
661;Pomoćne djelatnosti za financijske usluge, osim osiguranja i mirovinskih fondova
6611;Upravljanje financijskim tržištima
66110;Upravljanje financijskim tržištima
6612;Djelatnosti posredovanja u poslovanju vrijednosnim papirima i robnim ugovorima
66120;Djelatnosti posredovanja u poslovanju vrijednosnim papirima i robnim ugovorima
6619;Ostale pomoćne djelatnosti za financijske usluge, osim osiguranja i mirovinskih fondova
66190;Ostale pomoćne djelatnosti za financijske usluge, osim osiguranja i mirovinskih fondova
662;Pomoćne djelatnosti u osiguranju i mirovinskim fondovima
6621;Procjena rizika i štete
66210;Procjena rizika i štete
6622;Djelatnosti agenata i posrednika osiguranja
66220;Djelatnosti agenata i posrednika osiguranja
6629;Pomoćne djelatnosti u osiguranju i mirovinskim fondovima, d. n.
66290;Pomoćne djelatnosti u osiguranju i mirovinskim fondovima, d. n.
663;Djelatnosti upravljanja fondovima
6630;Djelatnosti upravljanja fondovima
66300;Djelatnosti upravljanja fondovima
M;POSLOVANJE NEKRETNINAMA
68;Poslovanje nekretninama
681;Kupnja i prodaja vlastitih nekretnina i organizacija izvedbe projekata za zgrade
6811;Kupnja i prodaja vlastitih nekretnina
68110;Kupnja i prodaja vlastitih nekretnina
6812;Organizacija izvedbe projekata za zgrade
68120;Organizacija izvedbe projekata za zgrade
682;Iznajmljivanje i upravljanje vlastitim nekretninama ili nekretninama uzetim u zakup (leasing)
6820;Iznajmljivanje i upravljanje vlastitim nekretninama ili nekretninama uzetim u zakup (leasing)
68200;Iznajmljivanje i upravljanje vlastitim nekretninama ili nekretninama uzetim u zakup (leasing)
683;Poslovanje nekretninama uz naplatu ili na osnovi ugovora
6831;Uslužne djelatnosti posredovanja u poslovanju nekretninama
68310;Uslužne djelatnosti posredovanja u poslovanju nekretninama
6832;Ostale djelatnosti poslovanja nekretninama uz naplatu ili na osnovi ugovora
68320;Ostale djelatnosti poslovanja nekretninama uz naplatu ili na osnovi ugovora
N;STRUČNE, ZNANSTVENE I TEHNIČKE DJELATNOSTI
69;Pravne i računovodstvene djelatnosti
691;Pravne djelatnosti
6910;Pravne djelatnosti
69101;Djelatnosti javnih bilježnika
69102;Djelatnosti odvjetnika
69109;Ostale pravne djelatnosti
692;"Računovodstvene, knjigovodstvene i revizijske djelatnosti; porezno savjetovanje"
6920;"Računovodstvene, knjigovodstvene i revizijske djelatnosti; porezno savjetovanje"
69201;Računovodstvene i knjigovodstvene djelatnosti
69202;Revizijske djelatnosti
69203;Porezno savjetovanje
70;Upravljačke djelatnosti i savjetovanje u vezi s upravljanjem
701;Upravljačke djelatnosti
7010;Upravljačke djelatnosti
70100;Upravljačke djelatnosti
702;Savjetovanje u vezi s poslovanjem i ostalim upravljanjem
7020;Savjetovanje u vezi s poslovanjem i ostalim upravljanjem
70200;Savjetovanje u vezi s poslovanjem i ostalim upravljanjem
71;"Arhitektonske djelatnosti i inženjerstvo; tehničko ispitivanje i analiza"
711;Arhitektonske djelatnosti i inženjerstvo te s njima povezano tehničko savjetovanje
7111;Arhitektonske djelatnosti
71111;Arhitektonsko projektiranje
71112;Urbanističko i prostorno planiranje
7112;Inženjerstvo i s njim povezano tehničko savjetovanje
71121;Geodetske i geoinformatičke djelatnosti
71129;Ostalo inženjerstvo i s njim povezano tehničko savjetovanje
712;Tehničko ispitivanje i analiza
7120;Tehničko ispitivanje i analiza
71200;Tehničko ispitivanje i analiza
72;Znanstveno istraživanje i razvoj
721;Istraživanje i eksperimentalni razvoj u prirodnim, tehničkim i tehnološkim znanostima
7210;Istraživanje i eksperimentalni razvoj u prirodnim, tehničkim i tehnološkim znanostima
72100;Istraživanje i eksperimentalni razvoj u prirodnim, tehničkim i tehnološkim znanostima
722;Istraživanje i eksperimentalni razvoj u društvenim i humanističkim znanostima
7220;Istraživanje i eksperimentalni razvoj u društvenim i humanističkim znanostima
72200;Istraživanje i eksperimentalni razvoj u društvenim i humanističkim znanostima
73;Djelatnosti promidžbe, istraživanje tržišta i odnosi s javnošću
731;Djelatnosti promidžbe
7311;Djelatnosti agencija za promidžbu
73110;Djelatnosti agencija za promidžbu
7312;Oglašavanje putem medija
73120;Oglašavanje putem medija
732;Istraživanje tržišta i ispitivanje javnog mnijenja
7320;Istraživanje tržišta i ispitivanje javnog mnijenja
73200;Istraživanje tržišta i ispitivanje javnog mnijenja
733;Odnosi s javnošću i djelatnosti priopćavanja
7330;Odnosi s javnošću i djelatnosti priopćavanja
73300;Odnosi s javnošću i djelatnosti priopćavanja
74;Ostale stručne, znanstvene i tehničke djelatnosti
741;Specijalizirane dizajnerske djelatnosti
7411;Djelatnosti industrijskog i modnog dizajna
74110;Djelatnosti industrijskog i modnog dizajna
7412;Djelatnosti grafičkog dizajna i vizualnih komunikacija
74120;Djelatnosti grafičkog dizajna i vizualnih komunikacija
7413;Djelatnosti uređivanja interijera
74130;Djelatnosti uređivanja interijera
7414;Ostale specijalizirane dizajnerske djelatnosti
74140;Ostale specijalizirane dizajnerske djelatnosti
742;Fotografske djelatnosti
7420;Fotografske djelatnosti
74200;Fotografske djelatnosti
743;Djelatnosti pismenog i usmenog prevođenja i djelatnosti tumača
7430;Djelatnosti pismenog i usmenog prevođenja
74301;Djelatnosti pismenog prevođenja
74302;Djelatnosti usmenog prevođenja
749;Ostale stručne, znanstvene i tehničke djelatnosti, d. n.
7491;Uslužne djelatnosti posredovanja i promidžbe u vezi s patentima
74910;Uslužne djelatnosti posredovanja i promidžbe u vezi s patentima
7499;Sve ostale stručne, znanstvene i tehničke djelatnosti, d. n.
74991;Djelatnosti zaštite na radu
74999;Sve ostale razne stručne, znanstvene i tehničke djelatnosti, d. n.
75;Veterinarske djelatnosti
750;Veterinarske djelatnosti
7500;Veterinarske djelatnosti
75000;Veterinarske djelatnosti
O;ADMINISTRATIVNE I POMOĆNE USLUŽNE DJELATNOSTI
77;Djelatnosti iznajmljivanja i davanja u zakup (leasing)
771;Iznajmljivanje i davanje u zakup (leasing) motornih vozila
7711;Iznajmljivanje i davanje u zakup (leasing) automobila i motornih vozila lake kategorije
77110;Iznajmljivanje i davanje u zakup (leasing) automobila i motornih vozila lake kategorije
7712;Iznajmljivanje i davanje u zakup (leasing) kamiona
77120;Iznajmljivanje i davanje u zakup (leasing) kamiona
772;Iznajmljivanje i davanje u zakup (leasing) predmeta za osobnu uporabu i kućanstvo
7721;Iznajmljivanje i davanje u zakup (leasing) opreme za rekreaciju i sport
77211;Iznajmljivanje i davanje u zakup (leasing) plovila za razonodu
77219;Iznajmljivanje i davanje u zakup (leasing) ostale opreme za rekreaciju i sport
7722;Iznajmljivanje i davanje u zakup (leasing) ostalih predmeta za osobnu uporabu i kućanstvo
77220;Iznajmljivanje i davanje u zakup (leasing) ostalih predmeta za osobnu uporabu i kućanstvo
773;Iznajmljivanje i davanje u zakup (leasing) ostalih strojeva, opreme i materijalnih dobara
7731;Iznajmljivanje i davanje u zakup (leasing) poljoprivrednih strojeva i opreme
77310;Iznajmljivanje i davanje u zakup (leasing) poljoprivrednih strojeva i opreme
7732;Iznajmljivanje i davanje u zakup (leasing) strojeva i opreme za građevinarstvo i inženjerstvo
77320;Iznajmljivanje i davanje u zakup (leasing) strojeva i opreme za građevinarstvo i inženjerstvo
7733;Iznajmljivanje i davanje u zakup (leasing) uredskih strojeva i opreme te računala
77330;Iznajmljivanje i davanje u zakup (leasing) uredskih strojeva i opreme te računala
7734;Iznajmljivanje i davanje u zakup (leasing) plovnih prijevoznih sredstava
77340;Iznajmljivanje i davanje u zakup (leasing) plovnih prijevoznih sredstava
7735;Iznajmljivanje i davanje u zakup (leasing) zračnih prijevoznih sredstava
77350;Iznajmljivanje i davanje u zakup (leasing) zračnih prijevoznih sredstava
7739;Iznajmljivanje i davanje u zakup (leasing) ostalih strojeva, opreme i materijalnih dobara, d. n.
77390;Iznajmljivanje i davanje u zakup (leasing) ostalih strojeva, opreme i materijalnih dobara, d. n.
774;Davanje u zakup (leasing) prava na uporabu intelektualnog vlasništva i sličnih proizvoda, osim radova koji su zaštićeni autorskim pravima
7740;Davanje u zakup (leasing) prava na uporabu intelektualnog vlasništva i sličnih proizvoda, osim radova koji su zaštićeni autorskim pravima
77400;Davanje u zakup (leasing) prava na uporabu intelektualnog vlasništva i sličnih proizvoda, osim radova koji su zaštićeni autorskim pravima
775;Usluge posredovanja u iznajmljivanju i davanju u zakup (leasing) materijalnih dobara i nefinancijske nematerijalne imovine
7751;Usluge posredovanja u iznajmljivanju i davanju u zakup (leasing) automobila, kampera i prikolica
77510;Usluge posredovanja u iznajmljivanju i davanju u zakup (leasing) automobila, kampera i prikolica
7752;Usluge posredovanja u iznajmljivanju i davanju u zakup (leasing) ostalih materijalnih dobara i nefinancijske nematerijalne imovine
77520;Usluge posredovanja u iznajmljivanju i davanju u zakup (leasing) ostalih materijalnih dobara i nefinancijske nematerijalne imovine
78;Djelatnosti zapošljavanja
781;Djelatnosti agencija za zapošljavanje
7810;Djelatnosti agencija za zapošljavanje
78100;Djelatnosti agencija za zapošljavanje
782;Djelatnosti agencija za privremeno zapošljavanje i ostalo ustupanje ljudskih resursa
7820;Djelatnosti agencija za privremeno zapošljavanje i ostalo ustupanje ljudskih resursa
78200;Djelatnosti agencija za privremeno zapošljavanje i ostalo ustupanje ljudskih resursa
79;Putničke agencije, organizatori putovanja (turoperatori) i ostale rezervacijske usluge te djelatnosti povezane s njima
791;Djelatnosti putničkih agencija i organizatora putovanja (turoperatora)
7911;Djelatnosti putničkih agencija
79110;Djelatnosti putničkih agencija
7912;Djelatnosti organizatora putovanja (turoperatora)
79120;Djelatnosti organizatora putovanja (turoperatora)
799;Ostale rezervacijske usluge i djelatnosti povezane s njima
7990;Ostale rezervacijske usluge i djelatnosti povezane s njima
79900;Ostale rezervacijske usluge i djelatnosti povezane s njima
80;Istražne i zaštitne djelatnosti
800;Istražne i zaštitne djelatnosti
8001;Istražne djelatnosti i djelatnosti privatne zaštite
80011;Istražne djelatnosti
80012;Djelatnosti privatne zaštite
8009;Zaštitne djelatnosti, d. n.
80090;Zaštitne djelatnosti, d. n.
81;Usluge u vezi s upravljanjem i održavanjem zgrada te djelatnosti uređenja i održavanja krajolika
811;Održavanje zgrada
8110;Održavanje zgrada
81100;Održavanje zgrada
812;Djelatnosti čišćenja
8121;Osnovno čišćenje zgrada
81210;Osnovno čišćenje zgrada
8122;Ostale djelatnosti čišćenja zgrada i objekata
81220;Ostale djelatnosti čišćenja zgrada i objekata
8123;Ostale djelatnosti čišćenja
81230;Ostale djelatnosti čišćenja
813;Uslužne djelatnosti uređenja i održavanja krajolika
8130;Uslužne djelatnosti uređenja i održavanja krajolika
81300;Uslužne djelatnosti uređenja i održavanja krajolika
82;Uredske administrativne i pomoćne djelatnosti te ostale poslovne pomoćne djelatnosti
821;Uredske administrativne i pomoćne djelatnosti
8210;Uredske administrativne i pomoćne djelatnosti
82100;Uredske administrativne i pomoćne djelatnosti
822;Djelatnosti pozivnih centara
8220;Djelatnosti pozivnih centara
82200;Djelatnosti pozivnih centara
823;Organizacija sastanaka i poslovnih sajmova
8230;Organizacija sastanaka i poslovnih sajmova
82300;Organizacija sastanaka i poslovnih sajmova
824;Uslužne djelatnosti posredovanja za poslovne pomoćne uslužne djelatnosti, d. n.
8240;Uslužne djelatnosti posredovanja za poslovne pomoćne uslužne djelatnosti, d. n.
82400;Uslužne djelatnosti posredovanja za poslovne pomoćne uslužne djelatnosti, d. n.
829;Poslovne pomoćne uslužne djelatnosti, d. n.
8291;Djelatnosti agencija za prikupljanje i naplatu računa te kreditnih ureda
82910;Djelatnosti agencija za prikupljanje i naplatu računa te kreditnih ureda
8292;Djelatnosti pakiranja
82920;Djelatnosti pakiranja
8299;Ostale poslovne pomoćne uslužne djelatnosti, d. n.
82990;Ostale poslovne pomoćne uslužne djelatnosti, d. n.
P;"JAVNA UPRAVA I OBRANA; OBVEZNO SOCIJALNO OSIGURANJE"
84;"Javna uprava i obrana; obvezno socijalno osiguranje"
841;Državna uprava, ekonomska i socijalna politika te politika okoliša zajednice 
8411;Opće djelatnosti javne uprave
84110;Opće djelatnosti javne uprave
8412;Reguliranje zdravstvenih, obrazovnih, kulturnih i drugih društvenih usluga
84120;Reguliranje zdravstvenih, obrazovnih, kulturnih i drugih društvenih usluga
8413;Reguliranje i poboljšanje poslovanja u gospodarstvu
84130;Reguliranje i poboljšanje poslovanja u gospodarstvu
842;Pružanje usluga zajednici kao cjelini
8421;Vanjski poslovi
84210;Vanjski poslovi
8422;Poslovi obrane
84220;Poslovi obrane
8423;Sudske i pravosudne djelatnosti
84230;Sudske i pravosudne djelatnosti
8424;Poslovi javnog reda i sigurnosti
84240;Poslovi javnog reda i sigurnosti
8425;Djelatnosti vatrogasne službe
84250;Djelatnosti vatrogasne službe
843;Djelatnosti obveznog socijalnog osiguranja
8430;Djelatnosti obveznog socijalnog osiguranja
84300;Djelatnosti obveznog socijalnog osiguranja
Q;OBRAZOVANJE
85;Obrazovanje
851;Predškolsko obrazovanje
8510;Predškolsko obrazovanje
85100;Predškolsko obrazovanje
852;Osnovnoškolsko obrazovanje
8520;Osnovnoškolsko obrazovanje
85200;Osnovnoškolsko obrazovanje
853;Srednjoškolsko obrazovanje i obrazovanje nakon srednjoškolskog koje nije visoko
8531;Opće srednjoškolsko obrazovanje
85310;Opće srednjoškolsko obrazovanje
8532;Srednjoškolsko strukovno obrazovanje
85320;Srednjoškolsko strukovno obrazovanje
8533;Obrazovanje nakon srednjoškolskog koje nije visoko
85330;Obrazovanje nakon srednjoškolskog koje nije visoko
854;Visoko obrazovanje
8540;Visoko obrazovanje
85400;Visoko obrazovanje
855;Ostalo obrazovanje
8551;Obrazovanje i poučavanje u području sporta i rekreacije
85510;Obrazovanje i poučavanje u području sporta i rekreacije
8552;Obrazovanje i poučavanje u području kulture
85520;Obrazovanje i poučavanje u području kulture
8553;Djelatnosti vozačkih škola
85530;Djelatnosti vozačkih škola
8559;Ostalo obrazovanje i poučavanje, d. n.
85590;Ostalo obrazovanje i poučavanje, d. n.
856;Pomoćne djelatnosti u obrazovanju
8561;Uslužne djelatnosti posredovanja za tečajeve i mentorstva
85610;Uslužne djelatnosti posredovanja za tečajeve i mentorstva
8569;Pomoćne djelatnosti u obrazovanju, d. n.
85690;Pomoćne djelatnosti u obrazovanju, d. n.
R;DJELATNOSTI ZDRAVSTVENE ZAŠTITE I SOCIJALNE SKRBI
86;Djelatnosti zdravstvene zaštite
861;Djelatnosti bolnica
8610;Djelatnosti bolnica
86100;Djelatnosti bolnica
862;Djelatnosti medicine i dentalne medicine
8621;Djelatnosti opće medicine
86210;Djelatnosti opće medicine
8622;Specijalistička medicinska djelatnost
86220;Specijalistička medicinska djelatnost
8623;Djelatnost dentalne medicine
86230;Djelatnost dentalne medicine
869;Ostale djelatnosti zdravstvene zaštite
8691;Usluge dijagnostičkog snimanja i djelatnosti medicinskog laboratorija
86910;Usluge dijagnostičkog snimanja i djelatnosti medicinskog laboratorija
8692;Prijevoz pacijenata vozilom hitne pomoći
86920;Prijevoz pacijenata vozilom hitne pomoći
8693;Djelatnosti psihologa i psihoterapeuta, osim doktora medicine
86930;Djelatnosti psihologa i psihoterapeuta, osim doktora medicine
8694;Djelatnosti medicinskih sestara i primalja
86940;Djelatnosti medicinskih sestara i primalja
8695;Djelatnosti fizioterapeuta
86950;Djelatnosti fizioterapeuta
8696;Djelatnosti tradicionalne, komplementarne i alternativne medicine
86960;Djelatnosti tradicionalne, komplementarne i alternativne medicine
8697;Uslužne djelatnosti posredovanja za medicinske, stomatološke i druge zdravstvene usluge
86970;Uslužne djelatnosti posredovanja za medicinske, stomatološke i druge zdravstvene usluge
8699;Ostale djelatnosti zdravstvene zaštite, d. n.
86990;Ostale djelatnosti zdravstvene zaštite, d. n.
87;Djelatnosti socijalne skrbi sa smještajem
871;Djelatnosti ustanova za njegu sa smještajem
8710;Djelatnosti ustanova za njegu sa smještajem
87100;Djelatnosti ustanova za njegu sa smještajem
872;Djelatnosti socijalne skrbi sa smještajem za osobe koje boluju od nedijagnosticirane ili dijagnosticirane mentalne bolesti ili ovisnosti o opojnim sredstvima
8720;Djelatnosti socijalne skrbi sa smještajem za osobe koje boluju od nedijagnosticirane ili dijagnosticirane mentalne bolesti ili ovisnosti o opojnim sredstvima
87200;Djelatnosti socijalne skrbi sa smještajem za osobe koje boluju od nedijagnosticirane ili dijagnosticirane mentalne bolesti ili ovisnosti o opojnim sredstvima
873;Djelatnosti socijalne skrbi sa smještajem za starije osobe i osobe s fizičkim invaliditetom
8730;Djelatnosti socijalne skrbi sa smještajem za starije osobe i osobe s fizičkim invaliditetom
87300;Djelatnosti socijalne skrbi sa smještajem za starije osobe i osobe s fizičkim invaliditetom
879;Ostale djelatnosti socijalne skrbi sa smještajem
8791;Usluge posredovanja za djelatnosti socijalne skrbi sa smještajem
87910;Usluge posredovanja za djelatnosti socijalne skrbi sa smještajem
8799;Ostale djelatnosti socijalne skrbi sa smještajem, d. n.
87991;Djelatnosti ustanova za skrb o braniteljsko-stradalničkoj populaciji iz Domovinskog rata s trajnim smještajem
87992;Djelatnosti ustanova za skrb o braniteljsko-stradalničkoj populaciji iz Domovinskog rata s privremenim smještajem i boravkom
87999;Ostale razne djelatnosti socijalne skrbi sa smještajem, d. n.
88;Djelatnosti socijalne skrbi bez smještaja
881;Djelatnosti socijalne skrbi bez smještaja za starije osobe ili osobe s invaliditetom
8810;Djelatnosti socijalne skrbi bez smještaja za starije osobe ili osobe s invaliditetom
88100;Djelatnosti socijalne skrbi bez smještaja za starije osobe ili osobe s invaliditetom
889;Ostale djelatnosti socijalne skrbi bez smještaja
8891;Djelatnosti dnevne skrbi o djeci
88910;Djelatnosti dnevne skrbi o djeci
8899;Ostale djelatnosti socijalne skrbi bez smještaja, d. n.
88990;Ostale djelatnosti socijalne skrbi bez smještaja, d. n.
S;UMJETNOST, SPORT I REKREACIJA
90;Umjetničko stvaralaštvo i izvedbene umjetnosti
901;Umjetničko stvaralaštvo
9011;Književno i glazbeno stvaralaštvo 
90111;Književno stvaralaštvo 
90112;Glazbeno stvaralaštvo 
9012;Vizualne umjetnosti
90120;Vizualne umjetnosti
9013;Ostalo umjetničko stvaralaštvo
90130;Ostalo umjetničko stvaralaštvo
902;Izvedbene umjetnosti
9020;Izvedbene umjetnosti
90200;Izvedbene umjetnosti
903;Pomoćne djelatnosti u umjetničkom stvaralaštvu i izvedbenim umjetnostima
9031;Rad umjetničkih objekata i lokaliteta
90310;Rad umjetničkih objekata i lokaliteta
9039;Ostale pomoćne djelatnosti u umjetničkom stvaralaštvu i izvedbenim umjetnostima
90391;Djelatnosti producenata i organizatora umjetničkih događaja
90399;Ostale pomoćne djelatnosti u umjetničkom stvaralaštvu i izvedbenim umjetnostima
91;Knjižnice, arhivi, muzeji i ostale kulturne djelatnosti
911;Djelatnosti knjižnica i arhiva
9111;Djelatnosti knjižnica
91110;Djelatnosti knjižnica
9112;Djelatnosti arhiva
91120;Djelatnosti arhiva
912;Djelatnosti muzeja, zbirki, povijesnih lokaliteta i spomenika kulture
9121;Djelatnosti muzeja i zbirki
91210;Djelatnosti muzeja i zbirki
9122;Djelatnost povijesnih lokaliteta i spomenika kulture
91220;Djelatnost povijesnih lokaliteta i spomenika kulture
913;Konzervatorske, restauratorske i ostale pomoćne djelatnosti u području kulturne baštine
9130;Konzervatorske, restauratorske i ostale pomoćne djelatnosti u području kulturne baštine
91300;Konzervatorske, restauratorske i ostale pomoćne djelatnosti u području kulturne baštine
914;Djelatnosti botaničkih i zooloških vrtova i prirodnih rezervata
9141;Djelatnosti botaničkih i zooloških vrtova
91410;Djelatnosti botaničkih i zooloških vrtova
9142;Djelatnosti prirodnih rezervata
91420;Djelatnosti prirodnih rezervata
92;Djelatnosti kockanja i klađenja
920;Djelatnosti kockanja i klađenja
9200;Djelatnosti kockanja i klađenja
92000;Djelatnosti kockanja i klađenja
93;Sportske, zabavne i rekreacijske djelatnosti
931;Sportske djelatnosti
9311;Rad sportskih objekata
93110;Rad sportskih objekata
9312;Djelatnosti sportskih klubova
93120;Djelatnosti sportskih klubova
9313;Djelatnosti fitness centara
93130;Djelatnosti fitness centara
9319;Sportske djelatnosti, d. n.
93190;Sportske djelatnosti, d. n.
932;Zabavne i rekreacijske djelatnosti
9321;Djelatnosti zabavnih i tematskih parkova
93210;Djelatnosti zabavnih i tematskih parkova
9329;Zabavne i rekreacijske djelatnosti, d. n.
93291;Djelatnosti marina
93299;Ostale zabavne i rekreacijske djelatnosti
T;OSTALE USLUŽNE DJELATNOSTI
94;Djelatnosti članskih organizacija
941;Djelatnosti poslovnih organizacija, organizacija poslodavaca i strukovnih članskih organizacija
9411;Djelatnosti poslovnih organizacija i organizacija poslodavaca
94110;Djelatnosti poslovnih organizacija i organizacija poslodavaca
9412;Djelatnosti strukovnih članskih organizacija
94120;Djelatnosti strukovnih članskih organizacija
942;Djelatnosti sindikata
9420;Djelatnosti sindikata
94200;Djelatnosti sindikata
949;Djelatnosti ostalih članskih organizacija
9491;Djelatnosti vjerskih organizacija
94910;Djelatnosti vjerskih organizacija
9492;Djelatnosti političkih organizacija
94920;Djelatnosti političkih organizacija
9499;Djelatnosti ostalih članskih organizacija, d. n.
94990;Djelatnosti ostalih članskih organizacija, d. n.
95;Popravak i održavanje računala, predmeta za osobnu uporabu i kućanstvo te motornih vozila i motocikala
951;Popravak i održavanje računala i komunikacijske opreme
9510;Popravak i održavanje računala i komunikacijske opreme
95100;Popravak i održavanje računala i komunikacijske opreme
952;Popravak i održavanje predmeta za osobnu uporabu i kućanstvo
9521;Popravak i održavanje elektroničkih uređaja za široku potrošnju
95210;Popravak i održavanje elektroničkih uređaja za široku potrošnju
9522;Popravak i održavanje aparata za kućanstvo te opreme za kuću i vrt
95220;Popravak i održavanje aparata za kućanstvo te opreme za kuću i vrt
9523;Popravak i održavanje obuće i proizvoda od kože
95230;Popravak i održavanje obuće i proizvoda od kože
9524;Popravak i održavanje namještaja i pokućstva
95240;Popravak i održavanje namještaja i pokućstva
9525;Popravak i održavanje satova i nakita
95250;Popravak i održavanje satova i nakita
9529;Popravak i održavanje predmeta za osobnu uporabu i kućanstvo, d. n.
95290;Popravak i održavanje predmeta za osobnu uporabu i kućanstvo, d. n.
953;Popravak i održavanje motornih vozila i motocikala
9531;Popravak i održavanje motornih vozila
95310;Popravak i održavanje motornih vozila
9532;Popravak i održavanje motocikala
95320;Popravak i održavanje motocikala
954;Uslužne djelatnosti posredovanja u popravku i održavanju računala, predmeta za osobnu uporabu i kućanstvo te motornih vozila i motocikala
9540;Uslužne djelatnosti posredovanja u popravku i održavanju računala, predmeta za osobnu uporabu i kućanstvo te motornih vozila i motocikala
95400;Uslužne djelatnosti posredovanja u popravku i održavanju računala, predmeta za osobnu uporabu i kućanstvo te motornih vozila i motocikala
96;Osobne uslužne djelatnosti
961;Pranje i čišćenje tekstilnih i krznenih proizvoda
9610;Pranje i čišćenje tekstilnih i krznenih proizvoda
96100;Pranje i čišćenje tekstilnih i krznenih proizvoda
962;Frizerski saloni, saloni za uljepšavanje, dnevni spa tretmani i slične djelatnosti
9621;Frizerski saloni i brijačnice
96210;Frizerski saloni i brijačnice
9622;Saloni za uljepšavanje i ostali tretmani za ljepotu 
96220;Saloni za uljepšavanje i ostali tretmani za ljepotu 
9623;Dnevni spa tretmani, saune i parne kupelji
96230;Dnevni spa tretmani, saune i parne kupelji
963;Pogrebničke i srodne djelatnosti
9630;Pogrebničke i srodne djelatnosti
96301;Djelatnosti groblja i krematorija
96302;Pogrebničke djelatnosti
964;Uslužne djelatnosti posredovanja u ostalim osobnim uslugama
9640;Uslužne djelatnosti posredovanja u ostalim osobnim uslugama
96400;Uslužne djelatnosti posredovanja u ostalim osobnim uslugama
969;Ostale osobne uslužne djelatnost
9691;Pružanje osobnih uslužnih djelatnosti kućanstvima
96910;Pružanje osobnih uslužnih djelatnosti kućanstvima
9699;Ostale osobne uslužne djelatnosti, d. n.
96991;Usluge skrbi za kućne ljubimce
96999;Ostale osobne uslužne djelatnosti
U;DJELATNOSTI KUĆANSTAVA KAO POSLODAVACA I DJELATNOSTI KUĆANSTAVA KOJA PROIZVODE RAZLIČITU ROBU I OBAVLJAJU RAZLIČITE USLUGE ZA VLASTITE POTREBE
97;Djelatnosti kućanstava koja zapošljavaju poslugu
970;Djelatnosti kućanstava koja zapošljavaju poslugu
9700;Djelatnosti kućanstava koja zapošljavaju poslugu
97000;Djelatnosti kućanstava koja zapošljavaju poslugu
98;Djelatnosti privatnih kućanstava koja proizvode različitu robu i obavljaju različite usluge za vlastite potrebe
981;Djelatnosti privatnih kućanstava koja proizvode različitu robu za vlastite potrebe
9810;Djelatnosti privatnih kućanstava koja proizvode različitu robu za vlastite potrebe
98100;Djelatnosti privatnih kućanstava koja proizvode različitu robu za vlastite potrebe
982;Djelatnosti privatnih kućanstava koja obavljaju različite usluge za vlastite potrebe
9820;Djelatnosti privatnih kućanstava koja obavljaju različite usluge za vlastite potrebe
98200;Djelatnosti privatnih kućanstava koja obavljaju različite usluge za vlastite potrebe
V;DJELATNOSTI IZVANTERITORIJALNIH ORGANIZACIJA I TIJELA
99;Djelatnosti izvanteritorijalnih organizacija i tijela
990;Djelatnosti izvanteritorijalnih organizacija i tijela
9900;Djelatnosti izvanteritorijalnih organizacija i tijela
99000;Djelatnosti izvanteritorijalnih organizacija i tijela
